sample_name	cruise	cup	mid_date	year	month	meteor_season	oceano_season	duration	tot_mass_flux	total_flux_d	org_c_flux	POC_flux_d	prop_POC	caco3_flux	PIC_flux_d	prop_PIC	opal_flux	opal_flux_d	prop_opal	nitro_flux	nitro_flux_d	prop_nitro	anomaly_tot	anomaly_POC_flux_d	anomaly_PIC_flux_d	anomaly_opal_flux_d	anomaly_nitro_flux_d	anomaly_prop_POC	anomaly_prop_PIC	anomaly_prop_opal	anomaly_prop_nitro	anomaly_any_flux	bbp_anomaly	bbp_anomaly_count	bbp_anomaly_rollover	bbp_burst_mean	bbp_burst_median	bbp_burst_sd	bbp_burst_cv	bbp_burst_max	bbp_burst_n_obs	auc_total	auc_mean	auc_median	auc_sd	auc_cv	auc_max	train	seascape_class	seascape_prob	n_classes	mid_date_num
GMT3_18S_2A_S52	GMT3	2	12/22/2022	2022	12	winter	sep-jan	14	17.714	1.265285714	1.002	0.071571429	0.056565428	10.404	0.743142857	0.587332054	1.745	0.124642857	0.098509653	0.161	0.0115	0.009088856	FALSE	FALSE	FALSE	FALSE	FALSE	FALSE	FALSE	FALSE	FALSE	FALSE	FALSE	0	FALSE	0.000135802	0.000120672	7.41e-05	0.695600154	0.000918064	224	0.00183569	0.000262241	0.000257121	2.83e-05	0.107799262	0.000302685	Test	15	0.941106989270165	1	19348
GMT3_18S_2B_S53	GMT3	2	12/22/2022	2022	12	winter	sep-jan	14	17.714	1.265285714	1.002	0.071571429	0.056565428	10.404	0.743142857	0.587332054	1.745	0.124642857	0.098509653	0.161	0.0115	0.009088856	FALSE	FALSE	FALSE	FALSE	FALSE	FALSE	FALSE	FALSE	FALSE	FALSE	FALSE	0	FALSE	0.000135802	0.000120672	7.41e-05	0.695600154	0.000918064	224	0.00183569	0.000262241	0.000257121	2.83e-05	0.107799262	0.000302685	Test	15	0.941106989270165	1	19348
GMT3_18S_2C_S54	GMT3	2	12/22/2022	2022	12	winter	sep-jan	14	17.714	1.265285714	1.002	0.071571429	0.056565428	10.404	0.743142857	0.587332054	1.745	0.124642857	0.098509653	0.161	0.0115	0.009088856	FALSE	FALSE	FALSE	FALSE	FALSE	FALSE	FALSE	FALSE	FALSE	FALSE	FALSE	0	FALSE	0.000135802	0.000120672	7.41e-05	0.695600154	0.000918064	224	0.00183569	0.000262241	0.000257121	2.83e-05	0.107799262	0.000302685	Test	15	0.941106989270165	1	19348
GMT3_18S_3A_S55	GMT3	3	1/5/2023	2023	1	winter	sep-jan	14	369.143	26.36735714	15.198	1.085571429	0.041171037	72.68	5.191428571	0.196888469	52.225	3.730357143	0.141476338	2.159	0.154214286	0.005848682	FALSE	FALSE	FALSE	FALSE	FALSE	FALSE	FALSE	FALSE	FALSE	FALSE	FALSE	0	FALSE	0.000177127	0.000135196	0.000188997	1.480189915	0.001973499	224	0.002585139	0.000323142	0.000357634	0.000113595	0.351533427	0.000441318	Test	15	0.900818135057177	2	19362
GMT3_18S_3B_S56	GMT3	3	1/5/2023	2023	1	winter	sep-jan	14	369.143	26.36735714	15.198	1.085571429	0.041171037	72.68	5.191428571	0.196888469	52.225	3.730357143	0.141476338	2.159	0.154214286	0.005848682	FALSE	FALSE	FALSE	FALSE	FALSE	FALSE	FALSE	FALSE	FALSE	FALSE	FALSE	0	FALSE	0.000177127	0.000135196	0.000188997	1.480189915	0.001973499	224	0.002585139	0.000323142	0.000357634	0.000113595	0.351533427	0.000441318	Test	15	0.900818135057177	2	19362
GMT3_18S_3C_S57	GMT3	3	1/5/2023	2023	1	winter	sep-jan	14	369.143	26.36735714	15.198	1.085571429	0.041171037	72.68	5.191428571	0.196888469	52.225	3.730357143	0.141476338	2.159	0.154214286	0.005848682	FALSE	FALSE	FALSE	FALSE	FALSE	FALSE	FALSE	FALSE	FALSE	FALSE	FALSE	0	FALSE	0.000177127	0.000135196	0.000188997	1.480189915	0.001973499	224	0.002585139	0.000323142	0.000357634	0.000113595	0.351533427	0.000441318	Train	15	0.900818135057177	2	19362
GMT3_18S_4A_S58	GMT3	4	1/19/2023	2023	1	winter	sep-jan	14	495.429	35.38778571	16.196	1.156857143	0.03269086	64.349	4.596357143	0.129885412	36.89	2.635	0.07446072	2.426	0.173285714	0.004896766	FALSE	FALSE	FALSE	FALSE	FALSE	FALSE	FALSE	FALSE	FALSE	FALSE	FALSE	0	FALSE	0.000219093	0.000184992	0.000202083	1.165444291	0.002342819	224	0.002939127	0.000419875	0.000417328	0.000115741	0.275656286	0.000571287	Test	15	0.972226401170095	1	19376
GMT3_18S_4B_S59	GMT3	4	1/19/2023	2023	1	winter	sep-jan	14	495.429	35.38778571	16.196	1.156857143	0.03269086	64.349	4.596357143	0.129885412	36.89	2.635	0.07446072	2.426	0.173285714	0.004896766	FALSE	FALSE	FALSE	FALSE	FALSE	FALSE	FALSE	FALSE	FALSE	FALSE	FALSE	0	FALSE	0.000219093	0.000184992	0.000202083	1.165444291	0.002342819	224	0.002939127	0.000419875	0.000417328	0.000115741	0.275656286	0.000571287	Test	15	0.972226401170095	1	19376
GMT3_18S_4C_S60	GMT3	4	1/19/2023	2023	1	winter	sep-jan	14	495.429	35.38778571	16.196	1.156857143	0.03269086	64.349	4.596357143	0.129885412	36.89	2.635	0.07446072	2.426	0.173285714	0.004896766	FALSE	FALSE	FALSE	FALSE	FALSE	FALSE	FALSE	FALSE	FALSE	FALSE	FALSE	0	FALSE	0.000219093	0.000184992	0.000202083	1.165444291	0.002342819	224	0.002939127	0.000419875	0.000417328	0.000115741	0.275656286	0.000571287	Test	15	0.972226401170095	1	19376
GMT3_18S_5A_S61	GMT3	5	2/2/2023	2023	2	winter	feb-apr	14	461.714	32.97957143	11.443	0.817357143	0.024783741	45.947	3.281928571	0.099513985	34.381	2.455785714	0.074463846	1.636	0.116857143	0.003543319	FALSE	FALSE	FALSE	FALSE	FALSE	FALSE	FALSE	FALSE	FALSE	FALSE	TRUE	1	FALSE	0.000395676	0.000248793	0.000459014	1.404637501	0.005512127	224	0.005184348	0.000740621	0.000608731	0.000572297	0.772725173	0.001579397	Test	15	0.99720603511447	1	19390
GMT3_18S_5B_S62	GMT3	5	2/2/2023	2023	2	winter	feb-apr	14	461.714	32.97957143	11.443	0.817357143	0.024783741	45.947	3.281928571	0.099513985	34.381	2.455785714	0.074463846	1.636	0.116857143	0.003543319	FALSE	FALSE	FALSE	FALSE	FALSE	FALSE	FALSE	FALSE	FALSE	FALSE	TRUE	1	FALSE	0.000395676	0.000248793	0.000459014	1.404637501	0.005512127	224	0.005184348	0.000740621	0.000608731	0.000572297	0.772725173	0.001579397	Test	15	0.99720603511447	1	19390
GMT3_18S_5C_S63	GMT3	5	2/2/2023	2023	2	winter	feb-apr	14	461.714	32.97957143	11.443	0.817357143	0.024783741	45.947	3.281928571	0.099513985	34.381	2.455785714	0.074463846	1.636	0.116857143	0.003543319	FALSE	FALSE	FALSE	FALSE	FALSE	FALSE	FALSE	FALSE	FALSE	FALSE	TRUE	1	FALSE	0.000395676	0.000248793	0.000459014	1.404637501	0.005512127	224	0.005184348	0.000740621	0.000608731	0.000572297	0.772725173	0.001579397	Test	15	0.99720603511447	1	19390
GMT3_18S_6A_S64	GMT3	6	2/16/2023	2023	2	winter	feb-apr	14	41.714	2.979571429	2.645	0.188928571	0.063407969	17.678	1.262714286	0.423790574	4.924	0.351714286	0.118041904	0.453	0.032357143	0.010859663	FALSE	FALSE	FALSE	FALSE	FALSE	FALSE	FALSE	FALSE	FALSE	FALSE	TRUE	1	FALSE	0.000384121	0.000336974	0.000185715	0.53559421	0.001180912	224	0.005208897	0.000744128	0.000679957	0.000258902	0.347926562	0.001185146	Test	15	0.904239849911796	2	19404
GMT3_18S_6B_S65	GMT3	6	2/16/2023	2023	2	winter	feb-apr	14	41.714	2.979571429	2.645	0.188928571	0.063407969	17.678	1.262714286	0.423790574	4.924	0.351714286	0.118041904	0.453	0.032357143	0.010859663	FALSE	FALSE	FALSE	FALSE	FALSE	FALSE	FALSE	FALSE	FALSE	FALSE	TRUE	1	FALSE	0.000384121	0.000336974	0.000185715	0.53559421	0.001180912	224	0.005208897	0.000744128	0.000679957	0.000258902	0.347926562	0.001185146	Test	15	0.904239849911796	2	19404
GMT3_18S_6C_S66	GMT3	6	2/16/2023	2023	2	winter	feb-apr	14	41.714	2.979571429	2.645	0.188928571	0.063407969	17.678	1.262714286	0.423790574	4.924	0.351714286	0.118041904	0.453	0.032357143	0.010859663	FALSE	FALSE	FALSE	FALSE	FALSE	FALSE	FALSE	FALSE	FALSE	FALSE	TRUE	1	FALSE	0.000384121	0.000336974	0.000185715	0.53559421	0.001180912	224	0.005208897	0.000744128	0.000679957	0.000258902	0.347926562	0.001185146	Test	15	0.904239849911796	2	19404
GMT3_18S_7A_S67	GMT3	7	3/2/2023	2023	3	spring	feb-apr	14	66.286	4.734714286	6.75	0.482142857	0.101831458	29.294	2.092428571	0.44193344	9.548	0.682	0.144042483	1.347	0.096214286	0.020321033	FALSE	FALSE	FALSE	FALSE	FALSE	FALSE	FALSE	FALSE	FALSE	FALSE	TRUE	1	FALSE	0.003978524	0.000288734	0.01000592	2.54579448	0.083344317	224	0.053102375	0.007586054	0.000874926	0.011809551	1.556745059	0.027188677	Test	15	0.994864588692075	1	19418
GMT3_18S_7B_S68	GMT3	7	3/2/2023	2023	3	spring	feb-apr	14	66.286	4.734714286	6.75	0.482142857	0.101831458	29.294	2.092428571	0.44193344	9.548	0.682	0.144042483	1.347	0.096214286	0.020321033	FALSE	FALSE	FALSE	FALSE	FALSE	FALSE	FALSE	FALSE	FALSE	FALSE	TRUE	1	FALSE	0.003978524	0.000288734	0.01000592	2.54579448	0.083344317	224	0.053102375	0.007586054	0.000874926	0.011809551	1.556745059	0.027188677	Test	15	0.994864588692075	1	19418
GMT3_18S_7C_S69	GMT3	7	3/2/2023	2023	3	spring	feb-apr	14	66.286	4.734714286	6.75	0.482142857	0.101831458	29.294	2.092428571	0.44193344	9.548	0.682	0.144042483	1.347	0.096214286	0.020321033	FALSE	FALSE	FALSE	FALSE	FALSE	FALSE	FALSE	FALSE	FALSE	FALSE	TRUE	1	FALSE	0.003978524	0.000288734	0.01000592	2.54579448	0.083344317	224	0.053102375	0.007586054	0.000874926	0.011809551	1.556745059	0.027188677	Test	15	0.994864588692075	1	19418
GMT3_18S_8A_S70	GMT3	8	3/16/2023	2023	3	spring	feb-apr	14	62.857	4.489785714	7.776	0.555428571	0.123709372	22.156	1.582571429	0.352482619	9.636	0.688285714	0.153300348	1.572	0.112285714	0.025009148	FALSE	FALSE	FALSE	FALSE	FALSE	FALSE	FALSE	FALSE	FALSE	FALSE	FALSE	0	FALSE	0.000345852	0.000329193	8.1e-05	0.259712744	0.001058497	224	0.00468886	0.000669837	0.000651622	4.95e-05	0.073937162	0.000754553	Test	15	0.980866417998359	1	19432
GMT3_18S_8B_S71	GMT3	8	3/16/2023	2023	3	spring	feb-apr	14	62.857	4.489785714	7.776	0.555428571	0.123709372	22.156	1.582571429	0.352482619	9.636	0.688285714	0.153300348	1.572	0.112285714	0.025009148	FALSE	FALSE	FALSE	FALSE	FALSE	FALSE	FALSE	FALSE	FALSE	FALSE	FALSE	0	FALSE	0.000345852	0.000329193	8.1e-05	0.259712744	0.001058497	224	0.00468886	0.000669837	0.000651622	4.95e-05	0.073937162	0.000754553	Test	15	0.980866417998359	1	19432
GMT3_18S_8C_S72	GMT3	8	3/16/2023	2023	3	spring	feb-apr	14	62.857	4.489785714	7.776	0.555428571	0.123709372	22.156	1.582571429	0.352482619	9.636	0.688285714	0.153300348	1.572	0.112285714	0.025009148	FALSE	FALSE	FALSE	FALSE	FALSE	FALSE	FALSE	FALSE	FALSE	FALSE	FALSE	0	FALSE	0.000345852	0.000329193	8.1e-05	0.259712744	0.001058497	224	0.00468886	0.000669837	0.000651622	4.95e-05	0.073937162	0.000754553	Train	15	0.980866417998359	1	19432
GMT3_18S_9A_S73	GMT3	9	3/30/2023	2023	3	spring	feb-apr	14	479.429	34.24492857	17.148	1.224857143	0.035767548	81.925	5.851785714	0.17088036	39.605	2.828928571	0.082608687	2.331	0.1665	0.004862034	FALSE	FALSE	FALSE	FALSE	FALSE	FALSE	FALSE	FALSE	FALSE	FALSE	TRUE	1	FALSE	0.000662732	0.000429304	0.002272749	3.776049763	0.034330526	224	0.009787458	0.001223432	0.000849007	0.001073532	0.877475449	0.003768216	Test	15	0.946175810363558	1	19446
GMT3_18S_9B_S74	GMT3	9	3/30/2023	2023	3	spring	feb-apr	14	479.429	34.24492857	17.148	1.224857143	0.035767548	81.925	5.851785714	0.17088036	39.605	2.828928571	0.082608687	2.331	0.1665	0.004862034	FALSE	FALSE	FALSE	FALSE	FALSE	FALSE	FALSE	FALSE	FALSE	FALSE	TRUE	1	FALSE	0.000662732	0.000429304	0.002272749	3.776049763	0.034330526	224	0.009787458	0.001223432	0.000849007	0.001073532	0.877475449	0.003768216	Test	15	0.946175810363558	1	19446
GMT3_18S_9C_S75	GMT3	9	3/30/2023	2023	3	spring	feb-apr	14	479.429	34.24492857	17.148	1.224857143	0.035767548	81.925	5.851785714	0.17088036	39.605	2.828928571	0.082608687	2.331	0.1665	0.004862034	FALSE	FALSE	FALSE	FALSE	FALSE	FALSE	FALSE	FALSE	FALSE	FALSE	TRUE	1	FALSE	0.000662732	0.000429304	0.002272749	3.776049763	0.034330526	224	0.009787458	0.001223432	0.000849007	0.001073532	0.877475449	0.003768216	Test	15	0.946175810363558	1	19446
GMT3_18S_10A_S76	GMT3	10	4/13/2023	2023	4	spring	feb-apr	14	700.571	50.04078571	25.005	1.786071429	0.035692314	83.679	5.977071429	0.119443996	77.199	5.514214286	0.110194399	3.393	0.242357143	0.004843192	TRUE	FALSE	FALSE	FALSE	FALSE	FALSE	FALSE	FALSE	FALSE	TRUE	TRUE	1	TRUE	0.000734791	0.000685027	0.000271565	0.425366783	0.002944521	224	0.009763059	0.001394723	0.001320886	0.000235667	0.168970659	0.001736241	Test	15	0.98257651925087	2	19460
GMT3_18S_10B_S77	GMT3	10	4/13/2023	2023	4	spring	feb-apr	14	700.571	50.04078571	25.005	1.786071429	0.035692314	83.679	5.977071429	0.119443996	77.199	5.514214286	0.110194399	3.393	0.242357143	0.004843192	TRUE	FALSE	FALSE	FALSE	FALSE	FALSE	FALSE	FALSE	FALSE	TRUE	TRUE	1	TRUE	0.000734791	0.000685027	0.000271565	0.425366783	0.002944521	224	0.009763059	0.001394723	0.001320886	0.000235667	0.168970659	0.001736241	Test	15	0.98257651925087	2	19460
GMT3_18S_10C_S78	GMT3	10	4/13/2023	2023	4	spring	feb-apr	14	700.571	50.04078571	25.005	1.786071429	0.035692314	83.679	5.977071429	0.119443996	77.199	5.514214286	0.110194399	3.393	0.242357143	0.004843192	TRUE	FALSE	FALSE	FALSE	FALSE	FALSE	FALSE	FALSE	FALSE	TRUE	TRUE	1	TRUE	0.000734791	0.000685027	0.000271565	0.425366783	0.002944521	224	0.009763059	0.001394723	0.001320886	0.000235667	0.168970659	0.001736241	Test	15	0.98257651925087	2	19460
GMT3_18S_11A_S79	GMT3	11	4/27/2023	2023	4	spring	feb-apr	14	62.857	4.489785714	5.978	0.427	0.095104762	22.114	1.579571429	0.351814436	7.405	0.528928571	0.117807086	1.046	0.074714286	0.016640947	FALSE	FALSE	FALSE	FALSE	FALSE	FALSE	FALSE	FALSE	FALSE	FALSE	TRUE	1	FALSE	0.000901963	0.000245162	0.005859162	7.490782339	0.084458502	224	0.012102207	0.001728887	0.000399757	0.002898934	1.676763454	0.008246518	Test	15	0.994505107402802	1	19474
GMT3_18S_11B_S80	GMT3	11	4/27/2023	2023	4	spring	feb-apr	14	62.857	4.489785714	5.978	0.427	0.095104762	22.114	1.579571429	0.351814436	7.405	0.528928571	0.117807086	1.046	0.074714286	0.016640947	FALSE	FALSE	FALSE	FALSE	FALSE	FALSE	FALSE	FALSE	FALSE	FALSE	TRUE	1	FALSE	0.000901963	0.000245162	0.005859162	7.490782339	0.084458502	224	0.012102207	0.001728887	0.000399757	0.002898934	1.676763454	0.008246518	Test	15	0.994505107402802	1	19474
GMT3_18S_11C_S81	GMT3	11	4/27/2023	2023	4	spring	feb-apr	14	62.857	4.489785714	5.978	0.427	0.095104762	22.114	1.579571429	0.351814436	7.405	0.528928571	0.117807086	1.046	0.074714286	0.016640947	FALSE	FALSE	FALSE	FALSE	FALSE	FALSE	FALSE	FALSE	FALSE	FALSE	TRUE	1	FALSE	0.000901963	0.000245162	0.005859162	7.490782339	0.084458502	224	0.012102207	0.001728887	0.000399757	0.002898934	1.676763454	0.008246518	Test	15	0.994505107402802	1	19474
GMT3_18S_12A_S82	GMT3	12	5/7/2023	2023	5	spring	may-aug	7	64	9.142857143	4.653	0.664714286	0.072703125	13.302	1.900285714	0.20784375	9.598	1.371142857	0.14996875	0.712	0.101714286	0.011125	FALSE	FALSE	FALSE	FALSE	FALSE	FALSE	FALSE	FALSE	FALSE	FALSE	FALSE	0	FALSE	0.000236224	0.000177211	0.000300796	1.542721255	0.002363567	112	0.001441086	0.000480362	0.000377387	0.000189698	0.39490671	0.000699278	Test	15	0.998079419136047	1	19484
GMT3_18S_12B_S83	GMT3	12	5/7/2023	2023	5	spring	may-aug	7	64	9.142857143	4.653	0.664714286	0.072703125	13.302	1.900285714	0.20784375	9.598	1.371142857	0.14996875	0.712	0.101714286	0.011125	FALSE	FALSE	FALSE	FALSE	FALSE	FALSE	FALSE	FALSE	FALSE	FALSE	FALSE	0	FALSE	0.000236224	0.000177211	0.000300796	1.542721255	0.002363567	112	0.001441086	0.000480362	0.000377387	0.000189698	0.39490671	0.000699278	Test	15	0.998079419136047	1	19484
GMT3_18S_12C_S84	GMT3	12	5/7/2023	2023	5	spring	may-aug	7	64	9.142857143	4.653	0.664714286	0.072703125	13.302	1.900285714	0.20784375	9.598	1.371142857	0.14996875	0.712	0.101714286	0.011125	FALSE	FALSE	FALSE	FALSE	FALSE	FALSE	FALSE	FALSE	FALSE	FALSE	FALSE	0	FALSE	0.000236224	0.000177211	0.000300796	1.542721255	0.002363567	112	0.001441086	0.000480362	0.000377387	0.000189698	0.39490671	0.000699278	Test	15	0.998079419136047	1	19484
GMT3_18S_13A_S85	GMT3	13	5/14/2023	2023	5	spring	may-aug	7	122.286	17.46942857	9.285	1.326428571	0.075928561	19.939	2.848428571	0.163052189	30.679	4.382714286	0.250879087	1.405	0.200714286	0.011489459	FALSE	FALSE	FALSE	FALSE	FALSE	FALSE	FALSE	FALSE	FALSE	FALSE	FALSE	0	FALSE	0.000216744	0.000192773	0.000104763	0.58785799	0.000963055	112	0.001711749	0.000427937	0.000423147	2.19e-05	0.051225955	0.00045863	Train	21	0.998088076710701	1	19491
GMT3_18S_13B_S86	GMT3	13	5/14/2023	2023	5	spring	may-aug	7	122.286	17.46942857	9.285	1.326428571	0.075928561	19.939	2.848428571	0.163052189	30.679	4.382714286	0.250879087	1.405	0.200714286	0.011489459	FALSE	FALSE	FALSE	FALSE	FALSE	FALSE	FALSE	FALSE	FALSE	FALSE	FALSE	0	FALSE	0.000216744	0.000192773	0.000104763	0.58785799	0.000963055	112	0.001711749	0.000427937	0.000423147	2.19e-05	0.051225955	0.00045863	Test	21	0.998088076710701	1	19491
GMT3_18S_13C_S87	GMT3	13	5/14/2023	2023	5	spring	may-aug	7	122.286	17.46942857	9.285	1.326428571	0.075928561	19.939	2.848428571	0.163052189	30.679	4.382714286	0.250879087	1.405	0.200714286	0.011489459	FALSE	FALSE	FALSE	FALSE	FALSE	FALSE	FALSE	FALSE	FALSE	FALSE	FALSE	0	FALSE	0.000216744	0.000192773	0.000104763	0.58785799	0.000963055	112	0.001711749	0.000427937	0.000423147	2.19e-05	0.051225955	0.00045863	Test	21	0.998088076710701	1	19491
GMT4_18S_1A_S7	GMT4	1	6/8/2023	2023	6	summer	may-aug	14	497.068	35.50485714	32.89	2.349285714	0.066168009	69.018	4.929857143	0.138850218	35.441	2.5315	0.071300104	4.916	0.351142857	0.009889995	FALSE	FALSE	FALSE	FALSE	FALSE	FALSE	FALSE	FALSE	FALSE	FALSE	FALSE	0	FALSE	0.000438795	0.000394642	0.000149228	0.380560421	0.001964786	224	0.005960973	0.000851568	0.000820795	8.89e-05	0.10440935	0.001042307	Test	21	0.854459419846535	2	19516
GMT4_18S_1B_S8	GMT4	1	6/8/2023	2023	6	summer	may-aug	14	497.068	35.50485714	32.89	2.349285714	0.066168009	69.018	4.929857143	0.138850218	35.441	2.5315	0.071300104	4.916	0.351142857	0.009889995	FALSE	FALSE	FALSE	FALSE	FALSE	FALSE	FALSE	FALSE	FALSE	FALSE	FALSE	0	FALSE	0.000438795	0.000394642	0.000149228	0.380560421	0.001964786	224	0.005960973	0.000851568	0.000820795	8.89e-05	0.10440935	0.001042307	Test	21	0.854459419846535	2	19516
GMT4_18S_1C_S9	GMT4	1	6/8/2023	2023	6	summer	may-aug	14	497.068	35.50485714	32.89	2.349285714	0.066168009	69.018	4.929857143	0.138850218	35.441	2.5315	0.071300104	4.916	0.351142857	0.009889995	FALSE	FALSE	FALSE	FALSE	FALSE	FALSE	FALSE	FALSE	FALSE	FALSE	FALSE	0	FALSE	0.000438795	0.000394642	0.000149228	0.380560421	0.001964786	224	0.005960973	0.000851568	0.000820795	8.89e-05	0.10440935	0.001042307	Test	21	0.854459419846535	2	19516
GMT4_18S_2A_S10	GMT4	2	6/29/2023	2023	6	summer	may-aug	28	178.035	6.358392857	12.113	0.432607143	0.068037184	35.424	1.265142857	0.198972112	16.52	0.59	0.092790743	1.793	0.064035714	0.010071053	FALSE	FALSE	FALSE	FALSE	FALSE	FALSE	FALSE	FALSE	FALSE	FALSE	FALSE	0	FALSE	0.000440623	0.00040241	0.000154737	0.395210293	0.002396436	448	0.011960992	0.000854357	0.000823534	0.000141559	0.165690204	0.001112596	Test	15	0.990688646540922	1	19537
GMT4_18S_2B_S11	GMT4	2	6/29/2023	2023	6	summer	may-aug	28	178.035	6.358392857	12.113	0.432607143	0.068037184	35.424	1.265142857	0.198972112	16.52	0.59	0.092790743	1.793	0.064035714	0.010071053	FALSE	FALSE	FALSE	FALSE	FALSE	FALSE	FALSE	FALSE	FALSE	FALSE	FALSE	0	FALSE	0.000440623	0.00040241	0.000154737	0.395210293	0.002396436	448	0.011960992	0.000854357	0.000823534	0.000141559	0.165690204	0.001112596	Test	15	0.990688646540922	1	19537
GMT4_18S_2C_S12	GMT4	2	6/29/2023	2023	6	summer	may-aug	28	178.035	6.358392857	12.113	0.432607143	0.068037184	35.424	1.265142857	0.198972112	16.52	0.59	0.092790743	1.793	0.064035714	0.010071053	FALSE	FALSE	FALSE	FALSE	FALSE	FALSE	FALSE	FALSE	FALSE	FALSE	FALSE	0	FALSE	0.000440623	0.00040241	0.000154737	0.395210293	0.002396436	448	0.011960992	0.000854357	0.000823534	0.000141559	0.165690204	0.001112596	Test	15	0.990688646540922	1	19537
GMT4_18S_3A_S13	GMT4	3	7/20/2023	2023	7	summer	may-aug	14	86.544	6.181714286	4.226	0.301857143	0.048830653	28.025	2.001785714	0.32382372	6.902	0.493	0.07975134	0.615	0.043928571	0.007106212	FALSE	FALSE	FALSE	FALSE	FALSE	FALSE	FALSE	FALSE	FALSE	FALSE	FALSE	0	FALSE	0.000379246	0.000351921	0.000103817	0.312667444	0.001110361	224	0.005149132	0.00073559	0.000742565	3.78e-05	0.051430585	0.000783934	Test	17	0.859744173288345	1	19558
GMT4_18S_3B_S14	GMT4	3	7/20/2023	2023	7	summer	may-aug	14	86.544	6.181714286	4.226	0.301857143	0.048830653	28.025	2.001785714	0.32382372	6.902	0.493	0.07975134	0.615	0.043928571	0.007106212	FALSE	FALSE	FALSE	FALSE	FALSE	FALSE	FALSE	FALSE	FALSE	FALSE	FALSE	0	FALSE	0.000379246	0.000351921	0.000103817	0.312667444	0.001110361	224	0.005149132	0.00073559	0.000742565	3.78e-05	0.051430585	0.000783934	Test	17	0.859744173288345	1	19558
GMT4_18S_3C_S15	GMT4	3	7/20/2023	2023	7	summer	may-aug	14	86.544	6.181714286	4.226	0.301857143	0.048830653	28.025	2.001785714	0.32382372	6.902	0.493	0.07975134	0.615	0.043928571	0.007106212	FALSE	FALSE	FALSE	FALSE	FALSE	FALSE	FALSE	FALSE	FALSE	FALSE	FALSE	0	FALSE	0.000379246	0.000351921	0.000103817	0.312667444	0.001110361	224	0.005149132	0.00073559	0.000742565	3.78e-05	0.051430585	0.000783934	Test	17	0.859744173288345	1	19558
GMT4_18S_4A_S16	GMT4	4	8/3/2023	2023	8	summer	may-aug	14	157.929	11.28064286	9.484	0.677428571	0.060052302	30.117	2.151214286	0.190699618	6.581	0.470071429	0.041670624	1.485	0.106071429	0.00940296	FALSE	FALSE	FALSE	FALSE	FALSE	FALSE	FALSE	FALSE	FALSE	FALSE	FALSE	0	FALSE	0.000437809	0.000353585	0.000328096	0.919155891	0.004374928	224	0.006308619	0.000788577	0.000726025	0.000278721	0.353447909	0.001209066	Test	15	0.894803007443746	1	19572
GMT4_18S_4B_S17	GMT4	4	8/3/2023	2023	8	summer	may-aug	14	157.929	11.28064286	9.484	0.677428571	0.060052302	30.117	2.151214286	0.190699618	6.581	0.470071429	0.041670624	1.485	0.106071429	0.00940296	FALSE	FALSE	FALSE	FALSE	FALSE	FALSE	FALSE	FALSE	FALSE	FALSE	FALSE	0	FALSE	0.000437809	0.000353585	0.000328096	0.919155891	0.004374928	224	0.006308619	0.000788577	0.000726025	0.000278721	0.353447909	0.001209066	Test	15	0.894803007443746	1	19572
GMT4_18S_4C_S18	GMT4	4	8/3/2023	2023	8	summer	may-aug	14	157.929	11.28064286	9.484	0.677428571	0.060052302	30.117	2.151214286	0.190699618	6.581	0.470071429	0.041670624	1.485	0.106071429	0.00940296	FALSE	FALSE	FALSE	FALSE	FALSE	FALSE	FALSE	FALSE	FALSE	FALSE	FALSE	0	FALSE	0.000437809	0.000353585	0.000328096	0.919155891	0.004374928	224	0.006308619	0.000788577	0.000726025	0.000278721	0.353447909	0.001209066	Test	15	0.894803007443746	1	19572
GMT4_18S_5A_S19	GMT4	5	8/17/2023	2023	8	summer	may-aug	14	244.53	17.46642857	10.737	0.766928571	0.043908723	48.526	3.466142857	0.198445998	14.937	1.066928571	0.06108453	1.498	0.107	0.006126038	FALSE	FALSE	FALSE	FALSE	FALSE	FALSE	FALSE	FALSE	FALSE	FALSE	FALSE	0	FALSE	0.000414447	0.000350811	0.000175006	0.521543885	0.001434377	224	0.005632901	0.0008047	0.000749951	0.000111711	0.138823234	0.001028818	Test	15	0.936477649211884	2	19586
GMT4_18S_5B_S20	GMT4	5	8/17/2023	2023	8	summer	may-aug	14	244.53	17.46642857	10.737	0.766928571	0.043908723	48.526	3.466142857	0.198445998	14.937	1.066928571	0.06108453	1.498	0.107	0.006126038	FALSE	FALSE	FALSE	FALSE	FALSE	FALSE	FALSE	FALSE	FALSE	FALSE	FALSE	0	FALSE	0.000414447	0.000350811	0.000175006	0.521543885	0.001434377	224	0.005632901	0.0008047	0.000749951	0.000111711	0.138823234	0.001028818	Train	15	0.936477649211884	2	19586
GMT4_18S_5C_S21	GMT4	5	8/17/2023	2023	8	summer	may-aug	14	244.53	17.46642857	10.737	0.766928571	0.043908723	48.526	3.466142857	0.198445998	14.937	1.066928571	0.06108453	1.498	0.107	0.006126038	FALSE	FALSE	FALSE	FALSE	FALSE	FALSE	FALSE	FALSE	FALSE	FALSE	FALSE	0	FALSE	0.000414447	0.000350811	0.000175006	0.521543885	0.001434377	224	0.005632901	0.0008047	0.000749951	0.000111711	0.138823234	0.001028818	Test	15	0.936477649211884	2	19586
GMT4_18S_6A_S22	GMT4	6	9/7/2023	2023	9	fall	sep-jan	28	79.079	2.82425	3.679	0.131392857	0.046523097	19.012	0.679	0.24041781	6.897	0.246321429	0.087216581	0.516	0.018428571	0.00652512	FALSE	FALSE	FALSE	FALSE	FALSE	FALSE	FALSE	FALSE	FALSE	FALSE	FALSE	0	FALSE	0.0003392	0.000325844	6.27e-05	0.201919447	0.000876227	448	0.008824598	0.000630328	0.000644466	9.68e-05	0.153549677	0.00077953	Test	15	0.893506524108705	2	19607
GMT4_18S_6B_S23	GMT4	6	9/7/2023	2023	9	fall	sep-jan	28	79.079	2.82425	3.679	0.131392857	0.046523097	19.012	0.679	0.24041781	6.897	0.246321429	0.087216581	0.516	0.018428571	0.00652512	FALSE	FALSE	FALSE	FALSE	FALSE	FALSE	FALSE	FALSE	FALSE	FALSE	FALSE	0	FALSE	0.0003392	0.000325844	6.27e-05	0.201919447	0.000876227	448	0.008824598	0.000630328	0.000644466	9.68e-05	0.153549677	0.00077953	Test	15	0.893506524108705	2	19607
GMT4_18S_6C_S24	GMT4	6	9/7/2023	2023	9	fall	sep-jan	28	79.079	2.82425	3.679	0.131392857	0.046523097	19.012	0.679	0.24041781	6.897	0.246321429	0.087216581	0.516	0.018428571	0.00652512	FALSE	FALSE	FALSE	FALSE	FALSE	FALSE	FALSE	FALSE	FALSE	FALSE	FALSE	0	FALSE	0.0003392	0.000325844	6.27e-05	0.201919447	0.000876227	448	0.008824598	0.000630328	0.000644466	9.68e-05	0.153549677	0.00077953	Test	15	0.893506524108705	2	19607
GMT4_18S_7A_S25	GMT4	7	10/5/2023	2023	10	fall	sep-jan	28	133.676	4.774142857	9.257	0.330607143	0.069249529	33.904	1.210857143	0.253628176	16.045	0.573035714	0.120029025	1.486	0.053071429	0.011116431	FALSE	FALSE	FALSE	FALSE	FALSE	FALSE	FALSE	FALSE	FALSE	FALSE	FALSE	0	FALSE	0.000394606	0.00033805	0.000438591	1.336037906	0.006822798	415	0.00965812	0.000742932	0.000738265	0.000102519	0.137992852	0.001041856	Test	15	0.97256783246994	2	19635
GMT4_18S_7B_S26	GMT4	7	10/5/2023	2023	10	fall	sep-jan	28	133.676	4.774142857	9.257	0.330607143	0.069249529	33.904	1.210857143	0.253628176	16.045	0.573035714	0.120029025	1.486	0.053071429	0.011116431	FALSE	FALSE	FALSE	FALSE	FALSE	FALSE	FALSE	FALSE	FALSE	FALSE	FALSE	0	FALSE	0.000394606	0.00033805	0.000438591	1.336037906	0.006822798	415	0.00965812	0.000742932	0.000738265	0.000102519	0.137992852	0.001041856	Test	15	0.97256783246994	2	19635
GMT4_18S_7C_S27	GMT4	7	10/5/2023	2023	10	fall	sep-jan	28	133.676	4.774142857	9.257	0.330607143	0.069249529	33.904	1.210857143	0.253628176	16.045	0.573035714	0.120029025	1.486	0.053071429	0.011116431	FALSE	FALSE	FALSE	FALSE	FALSE	FALSE	FALSE	FALSE	FALSE	FALSE	FALSE	0	FALSE	0.000394606	0.00033805	0.000438591	1.336037906	0.006822798	415	0.00965812	0.000742932	0.000738265	0.000102519	0.137992852	0.001041856	Test	15	0.97256783246994	2	19635
GMT4_18S_8A_S28	GMT4	8	10/26/2023	2023	10	fall	sep-jan	14	147.176	10.51257143	7.269	0.519214286	0.049389846	46.603	3.328785714	0.316648095	18.774	1.341	0.127561559	1.084	0.077428571	0.007365331	FALSE	FALSE	FALSE	FALSE	FALSE	FALSE	FALSE	FALSE	FALSE	FALSE	FALSE	0	FALSE	0.00042222	0.000395752	0.000142533	0.390893831	0.00133007	224	0.006388374	0.000798547	0.000796712	0.000217987	0.272979495	0.001166275	Test	15	0.797000995278358	2	19656
GMT4_18S_8B_S29	GMT4	8	10/26/2023	2023	10	fall	sep-jan	14	147.176	10.51257143	7.269	0.519214286	0.049389846	46.603	3.328785714	0.316648095	18.774	1.341	0.127561559	1.084	0.077428571	0.007365331	FALSE	FALSE	FALSE	FALSE	FALSE	FALSE	FALSE	FALSE	FALSE	FALSE	FALSE	0	FALSE	0.00042222	0.000395752	0.000142533	0.390893831	0.00133007	224	0.006388374	0.000798547	0.000796712	0.000217987	0.272979495	0.001166275	Test	15	0.797000995278358	2	19656
GMT4_18S_8C_S30	GMT4	8	10/26/2023	2023	10	fall	sep-jan	14	147.176	10.51257143	7.269	0.519214286	0.049389846	46.603	3.328785714	0.316648095	18.774	1.341	0.127561559	1.084	0.077428571	0.007365331	FALSE	FALSE	FALSE	FALSE	FALSE	FALSE	FALSE	FALSE	FALSE	FALSE	FALSE	0	FALSE	0.00042222	0.000395752	0.000142533	0.390893831	0.00133007	224	0.006388374	0.000798547	0.000796712	0.000217987	0.272979495	0.001166275	Test	15	0.797000995278358	2	19656
GMT4_18S_9A_S31	GMT4	9	11/9/2023	2023	11	fall	sep-jan	14	63.778	4.555571429	4.092	0.292285714	0.064160055	20.974	1.498142857	0.328859481	7.888	0.563428571	0.123679012	0.739	0.052785714	0.011587068	FALSE	FALSE	FALSE	FALSE	FALSE	FALSE	FALSE	FALSE	FALSE	FALSE	TRUE	1	FALSE	0.000500841	0.000414616	0.000428215	1.103044331	0.005533394	224	0.006504247	0.000929178	0.000876797	0.000366815	0.394773227	0.001520424	Train	NA	NA	NA	19670
GMT4_18S_9B_S32	GMT4	9	11/9/2023	2023	11	fall	sep-jan	14	63.778	4.555571429	4.092	0.292285714	0.064160055	20.974	1.498142857	0.328859481	7.888	0.563428571	0.123679012	0.739	0.052785714	0.011587068	FALSE	FALSE	FALSE	FALSE	FALSE	FALSE	FALSE	FALSE	FALSE	FALSE	TRUE	1	FALSE	0.000500841	0.000414616	0.000428215	1.103044331	0.005533394	224	0.006504247	0.000929178	0.000876797	0.000366815	0.394773227	0.001520424	Test	NA	NA	NA	19670
GMT4_18S_10A_S34	GMT4	10	11/23/2023	2023	11	fall	sep-jan	14	44.845	3.203214286	3.844	0.274571429	0.085717471	13.641	0.974357143	0.304181068	NA	NA	NA	0.726	0.051857143	0.016189096	FALSE	FALSE	FALSE	NA	FALSE	FALSE	FALSE	NA	FALSE	FALSE	FALSE	0	FALSE	0.000327796	0.000291445	0.000127213	0.43989799	0.001564205	224	0.004314991	0.000616427	0.000598589	8.09e-05	0.131267087	0.000792395	Test	3	0.875458562374115	1	19684
GMT4_18S_10B_S35	GMT4	10	11/23/2023	2023	11	fall	sep-jan	14	44.845	3.203214286	3.844	0.274571429	0.085717471	13.641	0.974357143	0.304181068	NA	NA	NA	0.726	0.051857143	0.016189096	FALSE	FALSE	FALSE	NA	FALSE	FALSE	FALSE	NA	FALSE	FALSE	FALSE	0	FALSE	0.000327796	0.000291445	0.000127213	0.43989799	0.001564205	224	0.004314991	0.000616427	0.000598589	8.09e-05	0.131267087	0.000792395	Test	3	0.875458562374115	1	19684
GMT4_18S_10C_S36	GMT4	10	11/23/2023	2023	11	fall	sep-jan	14	44.845	3.203214286	3.844	0.274571429	0.085717471	13.641	0.974357143	0.304181068	NA	NA	NA	0.726	0.051857143	0.016189096	FALSE	FALSE	FALSE	NA	FALSE	FALSE	FALSE	NA	FALSE	FALSE	FALSE	0	FALSE	0.000327796	0.000291445	0.000127213	0.43989799	0.001564205	224	0.004314991	0.000616427	0.000598589	8.09e-05	0.131267087	0.000792395	Test	3	0.875458562374115	1	19684
GMT5_1A_18S_S1	GMT5	1	12/8/2023	2023	12	winter	sep-jan	14	102.114	7.293857143	4.591	0.327928571	0.044959555	44.868	3.204857143	0.439391269	3.724	0.266	0.036469044	0.73	0.052142857	0.007148873	FALSE	FALSE	FALSE	FALSE	FALSE	FALSE	FALSE	FALSE	FALSE	FALSE	TRUE	2	FALSE	0.000664781	0.000553321	0.000395858	0.799182867	0.002658312	168	0.008957942	0.001279706	0.001360598	0.000295594	0.230985627	0.001592883	Test	15	0.994485909030551	1	19699
GMT5_1B_18S_S2	GMT5	1	12/8/2023	2023	12	winter	sep-jan	14	102.114	7.293857143	4.591	0.327928571	0.044959555	44.868	3.204857143	0.439391269	3.724	0.266	0.036469044	0.73	0.052142857	0.007148873	FALSE	FALSE	FALSE	FALSE	FALSE	FALSE	FALSE	FALSE	FALSE	FALSE	TRUE	2	FALSE	0.000664781	0.000553321	0.000395858	0.799182867	0.002658312	168	0.008957942	0.001279706	0.001360598	0.000295594	0.230985627	0.001592883	Test	15	0.994485909030551	1	19699
GMT5_1C_18S_S3	GMT5	1	12/8/2023	2023	12	winter	sep-jan	14	102.114	7.293857143	4.591	0.327928571	0.044959555	44.868	3.204857143	0.439391269	3.724	0.266	0.036469044	0.73	0.052142857	0.007148873	FALSE	FALSE	FALSE	FALSE	FALSE	FALSE	FALSE	FALSE	FALSE	FALSE	TRUE	2	FALSE	0.000664781	0.000553321	0.000395858	0.799182867	0.002658312	168	0.008957942	0.001279706	0.001360598	0.000295594	0.230985627	0.001592883	Train	15	0.994485909030551	1	19699
GMT5_2A_18S_S4	GMT5	2	12/22/2023	2023	12	winter	sep-jan	14	219.362	15.66871429	9.56	0.682857143	0.04358093	84.664	6.047428571	0.385955635	11.209	0.800642857	0.051098185	1.557	0.111214286	0.007097857	FALSE	FALSE	FALSE	FALSE	FALSE	FALSE	FALSE	FALSE	FALSE	FALSE	TRUE	1	TRUE	0.000519794	0.000447905	0.000280168	0.671876324	0.002597281	168	0.006941676	0.000991668	0.000969541	0.0002297	0.231629651	0.001467031	Test	15	0.982013373147874	1	19713
GMT5_2B_18S_S5	GMT5	2	12/22/2023	2023	12	winter	sep-jan	14	219.362	15.66871429	9.56	0.682857143	0.04358093	84.664	6.047428571	0.385955635	11.209	0.800642857	0.051098185	1.557	0.111214286	0.007097857	FALSE	FALSE	FALSE	FALSE	FALSE	FALSE	FALSE	FALSE	FALSE	FALSE	TRUE	1	TRUE	0.000519794	0.000447905	0.000280168	0.671876324	0.002597281	168	0.006941676	0.000991668	0.000969541	0.0002297	0.231629651	0.001467031	Test	15	0.982013373147874	1	19713
GMT5_2C_18S_S6	GMT5	2	12/22/2023	2023	12	winter	sep-jan	14	219.362	15.66871429	9.56	0.682857143	0.04358093	84.664	6.047428571	0.385955635	11.209	0.800642857	0.051098185	1.557	0.111214286	0.007097857	FALSE	FALSE	FALSE	FALSE	FALSE	FALSE	FALSE	FALSE	FALSE	FALSE	TRUE	1	TRUE	0.000519794	0.000447905	0.000280168	0.671876324	0.002597281	168	0.006941676	0.000991668	0.000969541	0.0002297	0.231629651	0.001467031	Test	15	0.982013373147874	1	19713
GMT5_3A_18S_S7	GMT5	3	1/5/2024	2024	1	winter	sep-jan	14	2147.86	153.4185714	48.535	3.466785714	0.02259691	196.787	14.05621429	0.091620031	52.767	3.769071429	0.024567244	7.706	0.550428571	0.003587757	TRUE	FALSE	TRUE	FALSE	FALSE	FALSE	FALSE	FALSE	FALSE	TRUE	TRUE	1	FALSE	0.000839417	0.000468433	0.001117532	3.003476637	0.009150827	168	0.011922547	0.001490318	0.001314779	0.000840701	0.564108226	0.003167048	Test	15	0.934404086498987	1	19727
GMT5_3B_18S_S8	GMT5	3	1/5/2024	2024	1	winter	sep-jan	14	2147.86	153.4185714	48.535	3.466785714	0.02259691	196.787	14.05621429	0.091620031	52.767	3.769071429	0.024567244	7.706	0.550428571	0.003587757	TRUE	FALSE	TRUE	FALSE	FALSE	FALSE	FALSE	FALSE	FALSE	TRUE	TRUE	1	FALSE	0.000839417	0.000468433	0.001117532	3.003476637	0.009150827	168	0.011922547	0.001490318	0.001314779	0.000840701	0.564108226	0.003167048	Test	15	0.934404086498987	1	19727
GMT5_3C_18S_S9	GMT5	3	1/5/2024	2024	1	winter	sep-jan	14	2147.86	153.4185714	48.535	3.466785714	0.02259691	196.787	14.05621429	0.091620031	52.767	3.769071429	0.024567244	7.706	0.550428571	0.003587757	TRUE	FALSE	TRUE	FALSE	FALSE	FALSE	FALSE	FALSE	FALSE	TRUE	TRUE	1	FALSE	0.000839417	0.000468433	0.001117532	3.003476637	0.009150827	168	0.011922547	0.001490318	0.001314779	0.000840701	0.564108226	0.003167048	Test	15	0.934404086498987	1	19727
GMT5_4A_18S_S10	GMT5	4	1/19/2024	2024	1	winter	sep-jan	14	917.374	65.52671429	37.316	2.665428571	0.040676976	118.773	8.483785714	0.129470641	19.463	1.390214286	0.021215993	6.886	0.491857143	0.007506208	TRUE	FALSE	FALSE	FALSE	FALSE	FALSE	FALSE	FALSE	FALSE	TRUE	FALSE	0	FALSE	0.000481379	0.000338605	0.000540048	1.725952936	0.00520494	168	0.006147913	0.000878273	0.000717976	0.000233703	0.266093237	0.001274554	Train	15	0.994201873029981	1	19741
GMT5_4B_18S_S11	GMT5	4	1/19/2024	2024	1	winter	sep-jan	14	917.374	65.52671429	37.316	2.665428571	0.040676976	118.773	8.483785714	0.129470641	19.463	1.390214286	0.021215993	6.886	0.491857143	0.007506208	TRUE	FALSE	FALSE	FALSE	FALSE	FALSE	FALSE	FALSE	FALSE	TRUE	FALSE	0	FALSE	0.000481379	0.000338605	0.000540048	1.725952936	0.00520494	168	0.006147913	0.000878273	0.000717976	0.000233703	0.266093237	0.001274554	Test	15	0.994201873029981	1	19741
GMT5_4C_18S_S12	GMT5	4	1/19/2024	2024	1	winter	sep-jan	14	917.374	65.52671429	37.316	2.665428571	0.040676976	118.773	8.483785714	0.129470641	19.463	1.390214286	0.021215993	6.886	0.491857143	0.007506208	TRUE	FALSE	FALSE	FALSE	FALSE	FALSE	FALSE	FALSE	FALSE	TRUE	FALSE	0	FALSE	0.000481379	0.000338605	0.000540048	1.725952936	0.00520494	168	0.006147913	0.000878273	0.000717976	0.000233703	0.266093237	0.001274554	Test	15	0.994201873029981	1	19741
GMT5_5A_18S_S13	GMT5	5	2/2/2024	2024	2	winter	feb-apr	14	647.39	46.24214286	29.058	2.075571429	0.044884845	116.051	8.289357143	0.179259797	27.577	1.969785714	0.042597198	4.876	0.348285714	0.007531781	FALSE	FALSE	FALSE	FALSE	FALSE	FALSE	FALSE	FALSE	FALSE	FALSE	TRUE	1	FALSE	0.000489979	0.000364682	0.000611109	1.899724344	0.007329904	168	0.006202028	0.000886004	0.000855895	0.000332231	0.374977104	0.00148178	Test	15	0.945501398472559	1	19755
GMT5_5B_18S_S14	GMT5	5	2/2/2024	2024	2	winter	feb-apr	14	647.39	46.24214286	29.058	2.075571429	0.044884845	116.051	8.289357143	0.179259797	27.577	1.969785714	0.042597198	4.876	0.348285714	0.007531781	FALSE	FALSE	FALSE	FALSE	FALSE	FALSE	FALSE	FALSE	FALSE	FALSE	TRUE	1	FALSE	0.000489979	0.000364682	0.000611109	1.899724344	0.007329904	168	0.006202028	0.000886004	0.000855895	0.000332231	0.374977104	0.00148178	Test	15	0.945501398472559	1	19755
GMT5_5C_18S_S15	GMT5	5	2/2/2024	2024	2	winter	feb-apr	14	647.39	46.24214286	29.058	2.075571429	0.044884845	116.051	8.289357143	0.179259797	27.577	1.969785714	0.042597198	4.876	0.348285714	0.007531781	FALSE	FALSE	FALSE	FALSE	FALSE	FALSE	FALSE	FALSE	FALSE	FALSE	TRUE	1	FALSE	0.000489979	0.000364682	0.000611109	1.899724344	0.007329904	168	0.006202028	0.000886004	0.000855895	0.000332231	0.374977104	0.00148178	Test	15	0.945501398472559	1	19755
GMT5_6A_18S_S16	GMT5	6	2/16/2024	2024	2	winter	feb-apr	14	135.335	9.666785714	7.996	0.571142857	0.059083016	40.842	2.917285714	0.301784461	2.067	0.147642857	0.015273211	1.543	0.110214286	0.011401337	FALSE	FALSE	FALSE	FALSE	FALSE	FALSE	FALSE	FALSE	FALSE	FALSE	FALSE	0	FALSE	0.000486095	0.000446241	0.000173625	0.418694261	0.001408855	168	0.006491994	0.000927428	0.0008761	0.000156464	0.168707801	0.001215558	Test	15	0.868006736040115	2	19769
GMT5_6B_18S_S17	GMT5	6	2/16/2024	2024	2	winter	feb-apr	14	135.335	9.666785714	7.996	0.571142857	0.059083016	40.842	2.917285714	0.301784461	2.067	0.147642857	0.015273211	1.543	0.110214286	0.011401337	FALSE	FALSE	FALSE	FALSE	FALSE	FALSE	FALSE	FALSE	FALSE	FALSE	FALSE	0	FALSE	0.000486095	0.000446241	0.000173625	0.418694261	0.001408855	168	0.006491994	0.000927428	0.0008761	0.000156464	0.168707801	0.001215558	Train	15	0.868006736040115	2	19769
GMT5_6C_18S_S18	GMT5	6	2/16/2024	2024	2	winter	feb-apr	14	135.335	9.666785714	7.996	0.571142857	0.059083016	40.842	2.917285714	0.301784461	2.067	0.147642857	0.015273211	1.543	0.110214286	0.011401337	FALSE	FALSE	FALSE	FALSE	FALSE	FALSE	FALSE	FALSE	FALSE	FALSE	FALSE	0	FALSE	0.000486095	0.000446241	0.000173625	0.418694261	0.001408855	168	0.006491994	0.000927428	0.0008761	0.000156464	0.168707801	0.001215558	Test	15	0.868006736040115	2	19769
GMT5_7A_18S_S19	GMT5	7	3/1/2024	2024	3	spring	feb-apr	14	1046.588	74.75628571	39.365	2.811785714	0.0376127	101.915	7.279642857	0.097378338	43.193	3.085214286	0.041270299	5.823	0.415928571	0.005563794	TRUE	FALSE	FALSE	FALSE	FALSE	FALSE	FALSE	FALSE	FALSE	TRUE	TRUE	1	FALSE	0.000562462	0.000410177	0.00061157	1.54106805	0.006994792	168	0.007826304	0.000978288	0.000905251	0.000313574	0.320533594	0.001520756	Test	21	0.955699219590142	1	19783
GMT5_7B_18S_S20	GMT5	7	3/1/2024	2024	3	spring	feb-apr	14	1046.588	74.75628571	39.365	2.811785714	0.0376127	101.915	7.279642857	0.097378338	43.193	3.085214286	0.041270299	5.823	0.415928571	0.005563794	TRUE	FALSE	FALSE	FALSE	FALSE	FALSE	FALSE	FALSE	FALSE	TRUE	TRUE	1	FALSE	0.000562462	0.000410177	0.00061157	1.54106805	0.006994792	168	0.007826304	0.000978288	0.000905251	0.000313574	0.320533594	0.001520756	Test	21	0.955699219590142	1	19783
GMT5_7C_18S_S21	GMT5	7	3/1/2024	2024	3	spring	feb-apr	14	1046.588	74.75628571	39.365	2.811785714	0.0376127	101.915	7.279642857	0.097378338	43.193	3.085214286	0.041270299	5.823	0.415928571	0.005563794	TRUE	FALSE	FALSE	FALSE	FALSE	FALSE	FALSE	FALSE	FALSE	TRUE	TRUE	1	FALSE	0.000562462	0.000410177	0.00061157	1.54106805	0.006994792	168	0.007826304	0.000978288	0.000905251	0.000313574	0.320533594	0.001520756	Test	21	0.955699219590142	1	19783
GMT5_8A_18S_S22	GMT5	8	3/15/2024	2024	3	spring	feb-apr	14	232.518	16.60842857	9.309	0.664928571	0.04003561	35.125	2.508928571	0.151063574	9	0.642857143	0.038706681	1.522	0.108714286	0.00654573	FALSE	FALSE	FALSE	FALSE	FALSE	FALSE	FALSE	FALSE	FALSE	FALSE	FALSE	0	FALSE	0.00037735	0.000330283	0.00019071	0.606548756	0.002303226	168	0.004839645	0.000691378	0.000660783	7.68e-05	0.111055623	0.000842395	Test	13	0.807953151209014	1	19797
GMT5_8B_18S_S23	GMT5	8	3/15/2024	2024	3	spring	feb-apr	14	232.518	16.60842857	9.309	0.664928571	0.04003561	35.125	2.508928571	0.151063574	9	0.642857143	0.038706681	1.522	0.108714286	0.00654573	FALSE	FALSE	FALSE	FALSE	FALSE	FALSE	FALSE	FALSE	FALSE	FALSE	FALSE	0	FALSE	0.00037735	0.000330283	0.00019071	0.606548756	0.002303226	168	0.004839645	0.000691378	0.000660783	7.68e-05	0.111055623	0.000842395	Test	13	0.807953151209014	1	19797
GMT5_8C_18S_S24	GMT5	8	3/15/2024	2024	3	spring	feb-apr	14	232.518	16.60842857	9.309	0.664928571	0.04003561	35.125	2.508928571	0.151063574	9	0.642857143	0.038706681	1.522	0.108714286	0.00654573	FALSE	FALSE	FALSE	FALSE	FALSE	FALSE	FALSE	FALSE	FALSE	FALSE	FALSE	0	FALSE	0.00037735	0.000330283	0.00019071	0.606548756	0.002303226	168	0.004839645	0.000691378	0.000660783	7.68e-05	0.111055623	0.000842395	Test	13	0.807953151209014	1	19797
GMT5_9A_18S_S25	GMT5	9	3/29/2024	2024	3	spring	feb-apr	14	128.357	9.168357143	9.122	0.651571429	0.071067414	39.008	2.786285714	0.303902397	2.573	0.183785714	0.020045654	1.492	0.106571429	0.01162383	FALSE	FALSE	FALSE	FALSE	FALSE	FALSE	FALSE	FALSE	FALSE	FALSE	TRUE	1	FALSE	0.000372529	0.00032418	0.000128513	0.393044026	0.001199133	168	0.004664989	0.000666427	0.000660876	0.000192797	0.289299429	0.001000103	Test	13	0.705326255824831	1	19811
GMT5_9B_18S_S26	GMT5	9	3/29/2024	2024	3	spring	feb-apr	14	128.357	9.168357143	9.122	0.651571429	0.071067414	39.008	2.786285714	0.303902397	2.573	0.183785714	0.020045654	1.492	0.106571429	0.01162383	FALSE	FALSE	FALSE	FALSE	FALSE	FALSE	FALSE	FALSE	FALSE	FALSE	TRUE	1	FALSE	0.000372529	0.00032418	0.000128513	0.393044026	0.001199133	168	0.004664989	0.000666427	0.000660876	0.000192797	0.289299429	0.001000103	Test	13	0.705326255824831	1	19811
GMT5_9C_18S_S27	GMT5	9	3/29/2024	2024	3	spring	feb-apr	14	128.357	9.168357143	9.122	0.651571429	0.071067414	39.008	2.786285714	0.303902397	2.573	0.183785714	0.020045654	1.492	0.106571429	0.01162383	FALSE	FALSE	FALSE	FALSE	FALSE	FALSE	FALSE	FALSE	FALSE	FALSE	TRUE	1	FALSE	0.000372529	0.00032418	0.000128513	0.393044026	0.001199133	168	0.004664989	0.000666427	0.000660876	0.000192797	0.289299429	0.001000103	Test	13	0.705326255824831	1	19811
GMT5_10A_18S_S28	GMT5	10	4/12/2024	2024	4	spring	feb-apr	14	83.512	5.965142857	6.226	0.444714286	0.07455216	27.261	1.947214286	0.32643213	2.567	0.183357143	0.030738098	1.178	0.084142857	0.014105757	FALSE	FALSE	FALSE	FALSE	FALSE	FALSE	FALSE	FALSE	FALSE	FALSE	TRUE	1	FALSE	0.000512601	0.00047953	0.000220703	0.491513144	0.002052447	168	0.006856604	0.000979515	0.000974072	0.000244986	0.250109424	0.001428008	Test	15	0.865165311098099	2	19825
GMT5_10B_18S_S29	GMT5	10	4/12/2024	2024	4	spring	feb-apr	14	83.512	5.965142857	6.226	0.444714286	0.07455216	27.261	1.947214286	0.32643213	2.567	0.183357143	0.030738098	1.178	0.084142857	0.014105757	FALSE	FALSE	FALSE	FALSE	FALSE	FALSE	FALSE	FALSE	FALSE	FALSE	TRUE	1	FALSE	0.000512601	0.00047953	0.000220703	0.491513144	0.002052447	168	0.006856604	0.000979515	0.000974072	0.000244986	0.250109424	0.001428008	Test	15	0.865165311098099	2	19825
GMT5_10C_18S_S30	GMT5	10	4/12/2024	2024	4	spring	feb-apr	14	83.512	5.965142857	6.226	0.444714286	0.07455216	27.261	1.947214286	0.32643213	2.567	0.183357143	0.030738098	1.178	0.084142857	0.014105757	FALSE	FALSE	FALSE	FALSE	FALSE	FALSE	FALSE	FALSE	FALSE	FALSE	TRUE	1	FALSE	0.000512601	0.00047953	0.000220703	0.491513144	0.002052447	168	0.006856604	0.000979515	0.000974072	0.000244986	0.250109424	0.001428008	Test	15	0.865165311098099	2	19825
GMT5_11A_18S_S31	GMT5	11	4/26/2024	2024	4	spring	feb-apr	14	229.315	16.37964286	16.054	1.146714286	0.070008504	36.33	2.595	0.158428363	6.911	0.493642857	0.030137584	2.642	0.188714286	0.01152127	FALSE	FALSE	FALSE	FALSE	FALSE	FALSE	FALSE	FALSE	FALSE	FALSE	TRUE	1	FALSE	0.000462601	0.000398526	0.000233366	0.601461681	0.002441932	168	0.00622961	0.000889944	0.000842441	0.000175032	0.196677802	0.001198729	Train	15	0.998318237917764	2	19839
GMT5_11B_18S_S32	GMT5	11	4/26/2024	2024	4	spring	feb-apr	14	229.315	16.37964286	16.054	1.146714286	0.070008504	36.33	2.595	0.158428363	6.911	0.493642857	0.030137584	2.642	0.188714286	0.01152127	FALSE	FALSE	FALSE	FALSE	FALSE	FALSE	FALSE	FALSE	FALSE	FALSE	TRUE	1	FALSE	0.000462601	0.000398526	0.000233366	0.601461681	0.002441932	168	0.00622961	0.000889944	0.000842441	0.000175032	0.196677802	0.001198729	Test	15	0.998318237917764	2	19839
GMT5_11C_18S_S33	GMT5	11	4/26/2024	2024	4	spring	feb-apr	14	229.315	16.37964286	16.054	1.146714286	0.070008504	36.33	2.595	0.158428363	6.911	0.493642857	0.030137584	2.642	0.188714286	0.01152127	FALSE	FALSE	FALSE	FALSE	FALSE	FALSE	FALSE	FALSE	FALSE	FALSE	TRUE	1	FALSE	0.000462601	0.000398526	0.000233366	0.601461681	0.002441932	168	0.00622961	0.000889944	0.000842441	0.000175032	0.196677802	0.001198729	Test	15	0.998318237917764	2	19839
GMT5_12A_18S_S34	GMT5	12	5/10/2024	2024	5	spring	may-aug	14	865.264	61.80457143	33.572	2.398	0.038799719	71.289	5.092071429	0.082389883	20.989	1.499214286	0.024257336	5.401	0.385785714	0.006242026	TRUE	FALSE	FALSE	FALSE	FALSE	FALSE	FALSE	FALSE	FALSE	TRUE	TRUE	1	FALSE	0.000545448	0.000446241	0.000480998	1.150030299	0.00421403	168	0.007174378	0.001024911	0.000883405	0.0004523	0.441306402	0.001999798	Test	15	0.726201089945706	1	19853
GMT5_12B_18S_S35	GMT5	12	5/10/2024	2024	5	spring	may-aug	14	865.264	61.80457143	33.572	2.398	0.038799719	71.289	5.092071429	0.082389883	20.989	1.499214286	0.024257336	5.401	0.385785714	0.006242026	TRUE	FALSE	FALSE	FALSE	FALSE	FALSE	FALSE	FALSE	FALSE	TRUE	TRUE	1	FALSE	0.000545448	0.000446241	0.000480998	1.150030299	0.00421403	168	0.007174378	0.001024911	0.000883405	0.0004523	0.441306402	0.001999798	Test	15	0.726201089945706	1	19853
GMT5_12C_18S_S36	GMT5	12	5/10/2024	2024	5	spring	may-aug	14	865.264	61.80457143	33.572	2.398	0.038799719	71.289	5.092071429	0.082389883	20.989	1.499214286	0.024257336	5.401	0.385785714	0.006242026	TRUE	FALSE	FALSE	FALSE	FALSE	FALSE	FALSE	FALSE	FALSE	TRUE	TRUE	1	FALSE	0.000545448	0.000446241	0.000480998	1.150030299	0.00421403	168	0.007174378	0.001024911	0.000883405	0.0004523	0.441306402	0.001999798	Test	15	0.726201089945706	1	19853
GMT5_13A_18S_S37	GMT5	13	5/24/2024	2024	5	spring	may-aug	14	429.458	30.67557143	26.689	1.906357143	0.062145774	48.329	3.452071429	0.11253487	13.257	0.946928571	0.030869142	4.806	0.343285714	0.01119085	FALSE	FALSE	FALSE	FALSE	FALSE	FALSE	FALSE	FALSE	FALSE	FALSE	FALSE	0	FALSE	0.000467555	0.000338605	0.000338796	0.858575063	0.003906659	168	0.006283242	0.000897606	0.001028121	0.000281245	0.313328045	0.001249494	Test	20	0.957989364862442	1	19867
GMT5_13B_18S_S38	GMT5	13	5/24/2024	2024	5	spring	may-aug	14	429.458	30.67557143	26.689	1.906357143	0.062145774	48.329	3.452071429	0.11253487	13.257	0.946928571	0.030869142	4.806	0.343285714	0.01119085	FALSE	FALSE	FALSE	FALSE	FALSE	FALSE	FALSE	FALSE	FALSE	FALSE	FALSE	0	FALSE	0.000467555	0.000338605	0.000338796	0.858575063	0.003906659	168	0.006283242	0.000897606	0.001028121	0.000281245	0.313328045	0.001249494	Train	20	0.957989364862442	1	19867
GMT5_13C_18S_S39	GMT5	13	5/24/2024	2024	5	spring	may-aug	14	429.458	30.67557143	26.689	1.906357143	0.062145774	48.329	3.452071429	0.11253487	13.257	0.946928571	0.030869142	4.806	0.343285714	0.01119085	FALSE	FALSE	FALSE	FALSE	FALSE	FALSE	FALSE	FALSE	FALSE	FALSE	FALSE	0	FALSE	0.000467555	0.000338605	0.000338796	0.858575063	0.003906659	168	0.006283242	0.000897606	0.001028121	0.000281245	0.313328045	0.001249494	Test	20	0.957989364862442	1	19867
GMT5_14A_18S_S40	GMT5	14	6/7/2024	2024	6	summer	may-aug	14	29.401	2.100071429	2.822	0.201571429	0.09598313	7.989	0.570642857	0.271725452	0.763	0.0545	0.025951498	0.499	0.035642857	0.016972212	FALSE	FALSE	FALSE	FALSE	FALSE	FALSE	FALSE	FALSE	FALSE	FALSE	FALSE	0	FALSE	0.000334979	0.000310309	7.37e-05	0.237982367	0.000735302	168	0.004879835	0.000609979	0.000607405	0.000137159	0.22485801	0.000810123	Test	15	0.974637919948215	2	19881
GMT5_14B_18S_S41	GMT5	14	6/7/2024	2024	6	summer	may-aug	14	29.401	2.100071429	2.822	0.201571429	0.09598313	7.989	0.570642857	0.271725452	0.763	0.0545	0.025951498	0.499	0.035642857	0.016972212	FALSE	FALSE	FALSE	FALSE	FALSE	FALSE	FALSE	FALSE	FALSE	FALSE	FALSE	0	FALSE	0.000334979	0.000310309	7.37e-05	0.237982367	0.000735302	168	0.004879835	0.000609979	0.000607405	0.000137159	0.22485801	0.000810123	Test	15	0.974637919948215	2	19881
GMT5_14C_18S_S42	GMT5	14	6/7/2024	2024	6	summer	may-aug	14	29.401	2.100071429	2.822	0.201571429	0.09598313	7.989	0.570642857	0.271725452	0.763	0.0545	0.025951498	0.499	0.035642857	0.016972212	FALSE	FALSE	FALSE	FALSE	FALSE	FALSE	FALSE	FALSE	FALSE	FALSE	FALSE	0	FALSE	0.000334979	0.000310309	7.37e-05	0.237982367	0.000735302	168	0.004879835	0.000609979	0.000607405	0.000137159	0.22485801	0.000810123	Test	15	0.974637919948215	2	19881
GMT5_15A_18S_S43	GMT5	15	6/21/2024	2024	6	summer	may-aug	14	161.247	11.51764286	6.003	0.428785714	0.0372286	16.781	1.198642857	0.104070153	2.023	0.1445	0.01254597	1.062	0.075857143	0.006586169	FALSE	FALSE	FALSE	FALSE	FALSE	FALSE	FALSE	FALSE	FALSE	FALSE	FALSE	0	FALSE	0.000413757	0.000333612	0.000248472	0.748142278	0.002380901	168	0.005452768	0.000778967	0.00066439	0.000219277	0.281497081	0.001137976	Test	21	0.998929157143547	2	19895
GMT5_15B_18S_S44	GMT5	15	6/21/2024	2024	6	summer	may-aug	14	161.247	11.51764286	6.003	0.428785714	0.0372286	16.781	1.198642857	0.104070153	2.023	0.1445	0.01254597	1.062	0.075857143	0.006586169	FALSE	FALSE	FALSE	FALSE	FALSE	FALSE	FALSE	FALSE	FALSE	FALSE	FALSE	0	FALSE	0.000413757	0.000333612	0.000248472	0.748142278	0.002380901	168	0.005452768	0.000778967	0.00066439	0.000219277	0.281497081	0.001137976	Test	21	0.998929157143547	2	19895
GMT5_15C_18S_S45	GMT5	15	6/21/2024	2024	6	summer	may-aug	14	161.247	11.51764286	6.003	0.428785714	0.0372286	16.781	1.198642857	0.104070153	2.023	0.1445	0.01254597	1.062	0.075857143	0.006586169	FALSE	FALSE	FALSE	FALSE	FALSE	FALSE	FALSE	FALSE	FALSE	FALSE	FALSE	0	FALSE	0.000413757	0.000333612	0.000248472	0.748142278	0.002380901	168	0.005452768	0.000778967	0.00066439	0.000219277	0.281497081	0.001137976	Train	21	0.998929157143547	2	19895
GMT5_16A_18S_S46	GMT5	16	7/5/2024	2024	7	summer	may-aug	14	53.654	3.832428571	6.619	0.472785714	0.123364521	8.886	0.634714286	0.165616729	2.616	0.186857143	0.048756849	1.213	0.086642857	0.02260782	FALSE	FALSE	FALSE	FALSE	FALSE	FALSE	FALSE	FALSE	FALSE	FALSE	TRUE	1	FALSE	0.002453068	0.00033916	0.011559554	5.218270517	0.090140263	168	0.030858575	0.004408368	0.00128468	0.00518488	1.17614514	0.014523309	Test	21	0.824759072727627	2	19909
GMT5_16B_18S_S47	GMT5	16	7/5/2024	2024	7	summer	may-aug	14	53.654	3.832428571	6.619	0.472785714	0.123364521	8.886	0.634714286	0.165616729	2.616	0.186857143	0.048756849	1.213	0.086642857	0.02260782	FALSE	FALSE	FALSE	FALSE	FALSE	FALSE	FALSE	FALSE	FALSE	FALSE	TRUE	1	FALSE	0.002453068	0.00033916	0.011559554	5.218270517	0.090140263	168	0.030858575	0.004408368	0.00128468	0.00518488	1.17614514	0.014523309	Test	21	0.824759072727627	2	19909
GMT5_16C_18S_S48	GMT5	16	7/5/2024	2024	7	summer	may-aug	14	53.654	3.832428571	6.619	0.472785714	0.123364521	8.886	0.634714286	0.165616729	2.616	0.186857143	0.048756849	1.213	0.086642857	0.02260782	FALSE	FALSE	FALSE	FALSE	FALSE	FALSE	FALSE	FALSE	FALSE	FALSE	TRUE	1	FALSE	0.002453068	0.00033916	0.011559554	5.218270517	0.090140263	168	0.030858575	0.004408368	0.00128468	0.00518488	1.17614514	0.014523309	Test	21	0.824759072727627	2	19909
GMT5_17A_18S_S49	GMT5	17	7/19/2024	2024	7	summer	may-aug	14	34.034	2.431	3.349	0.239214286	0.098401598	9.844	0.703142857	0.289240172	1.294	0.092428571	0.038020803	0.616	0.044	0.018099548	FALSE	FALSE	FALSE	FALSE	FALSE	FALSE	FALSE	FALSE	FALSE	FALSE	TRUE	1	FALSE	0.000435752	0.000351921	0.000422685	1.234871441	0.005465706	168	0.005859914	0.000837131	0.000767864	0.000216831	0.25901711	0.001275525	Test	15	0.995093286037445	1	19923
GMT5_17B_18S_S50	GMT5	17	7/19/2024	2024	7	summer	may-aug	14	34.034	2.431	3.349	0.239214286	0.098401598	9.844	0.703142857	0.289240172	1.294	0.092428571	0.038020803	0.616	0.044	0.018099548	FALSE	FALSE	FALSE	FALSE	FALSE	FALSE	FALSE	FALSE	FALSE	FALSE	TRUE	1	FALSE	0.000435752	0.000351921	0.000422685	1.234871441	0.005465706	168	0.005859914	0.000837131	0.000767864	0.000216831	0.25901711	0.001275525	Test	15	0.995093286037445	1	19923
GMT5_17C_18S_S51	GMT5	17	7/19/2024	2024	7	summer	may-aug	14	34.034	2.431	3.349	0.239214286	0.098401598	9.844	0.703142857	0.289240172	1.294	0.092428571	0.038020803	0.616	0.044	0.018099548	FALSE	FALSE	FALSE	FALSE	FALSE	FALSE	FALSE	FALSE	FALSE	FALSE	TRUE	1	FALSE	0.000435752	0.000351921	0.000422685	1.234871441	0.005465706	168	0.005859914	0.000837131	0.000767864	0.000216831	0.25901711	0.001275525	Test	15	0.995093286037445	1	19923
GMT5_18A_18S_S52	GMT5	18	8/2/2024	2024	8	summer	may-aug	14	51.652	3.689428571	4.544	0.324571429	0.08797336	16.856	1.204	0.326337799	1.987	0.141928571	0.038468985	0.785	0.056071429	0.015197863	FALSE	FALSE	FALSE	FALSE	FALSE	FALSE	FALSE	FALSE	FALSE	FALSE	TRUE	1	FALSE	0.00127616	0.000342489	0.005504908	5.023686232	0.042847324	168	0.015911395	0.002273056	0.000699852	0.003182864	1.40025742	0.008973296	Test	3	0.942587541906457	2	19937
GMT5_18B_18S_S53	GMT5	18	8/2/2024	2024	8	summer	may-aug	14	51.652	3.689428571	4.544	0.324571429	0.08797336	16.856	1.204	0.326337799	1.987	0.141928571	0.038468985	0.785	0.056071429	0.015197863	FALSE	FALSE	FALSE	FALSE	FALSE	FALSE	FALSE	FALSE	FALSE	FALSE	TRUE	1	FALSE	0.00127616	0.000342489	0.005504908	5.023686232	0.042847324	168	0.015911395	0.002273056	0.000699852	0.003182864	1.40025742	0.008973296	Test	3	0.942587541906457	2	19937
GMT5_18C_18S_S54	GMT5	18	8/2/2024	2024	8	summer	may-aug	14	51.652	3.689428571	4.544	0.324571429	0.08797336	16.856	1.204	0.326337799	1.987	0.141928571	0.038468985	0.785	0.056071429	0.015197863	FALSE	FALSE	FALSE	FALSE	FALSE	FALSE	FALSE	FALSE	FALSE	FALSE	TRUE	1	FALSE	0.00127616	0.000342489	0.005504908	5.023686232	0.042847324	168	0.015911395	0.002273056	0.000699852	0.003182864	1.40025742	0.008973296	Train	3	0.942587541906457	2	19937
GMT5_19A_18S_S55	GMT5	19	8/16/2024	2024	8	summer	may-aug	14	18.132	1.295142857	2.995	0.213928571	0.165177587	6.407	0.457642857	0.353353188	0	0	0	0.447	0.031928571	0.024652548	FALSE	FALSE	FALSE	FALSE	FALSE	TRUE	FALSE	FALSE	TRUE	TRUE	TRUE	1	TRUE	0.000594992	0.000405184	0.001879935	4.041617539	0.024468324	168	0.008106107	0.001158015	0.000863802	0.000954641	0.824376815	0.003307279	Test	3	0.832297563552856	2	19951
GMT5_20A_18S_S58	GMT5	20	8/30/2024	2024	8	summer	may-aug	14	10.868	0.776285714	0	0	0	5.687	0.406214286	0.523279352	0	0	0	0	0	0	FALSE	FALSE	FALSE	FALSE	FALSE	FALSE	FALSE	FALSE	FALSE	FALSE	FALSE	0	FALSE	0.000367271	0.000332502	0.000251006	0.829512053	0.002825868	105	0.003058292	0.000611658	0.000611771	0.000233708	0.382089606	0.00090828	Test	11	0.912517762184143	2	19965
GMT5_20B_18S_S59	GMT5	20	8/30/2024	2024	8	summer	may-aug	14	10.868	0.776285714	0	0	0	5.687	0.406214286	0.523279352	0	0	0	0	0	0	FALSE	FALSE	FALSE	FALSE	FALSE	FALSE	FALSE	FALSE	FALSE	FALSE	FALSE	0	FALSE	0.000367271	0.000332502	0.000251006	0.829512053	0.002825868	105	0.003058292	0.000611658	0.000611771	0.000233708	0.382089606	0.00090828	Test	11	0.912517762184143	2	19965
GMT5_21A_18S_S61	GMT5	21	9/13/2024	2024	9	fall	sep-jan	14	2.288	0.163428571	0	0	0	0.975	0.069642857	0.426136364	0	0	0	0	0	0	FALSE	FALSE	FALSE	FALSE	FALSE	FALSE	FALSE	FALSE	FALSE	FALSE	FALSE	0	FALSE	NA	NA	NA	NA	NA	0	NA	NA	NA	NA	NA	NA	Test	15	0.963683184824492	1	19979
GMT5_21B_18S_S62	GMT5	21	9/13/2024	2024	9	fall	sep-jan	14	2.288	0.163428571	0	0	0	0.975	0.069642857	0.426136364	0	0	0	0	0	0	FALSE	FALSE	FALSE	FALSE	FALSE	FALSE	FALSE	FALSE	FALSE	FALSE	FALSE	0	FALSE	NA	NA	NA	NA	NA	0	NA	NA	NA	NA	NA	NA	Test	15	0.963683184824492	1	19979
GMT6_1A_18S_S1	GMT6	1	10/2/2024	2024	10	fall	sep-jan	14	6.08	0.434285714	NA	NA	NA	NA	NA	NA	NA	NA	NA	NA	NA	NA	FALSE	NA	NA	NA	NA	NA	NA	NA	NA	FALSE	TRUE	1	FALSE	0.000647997	0.000243606	0.000815697	1.677588112	0.003799352	160	0.008476322	0.001210903	0.000977738	0.000501917	0.41449824	0.001951998	Test	3	0.865261833776127	1	19998
GMT6_2A_18S_S4	GMT6	2	10/16/2024	2024	10	fall	sep-jan	14	48.637	3.474071429	2.888	0.206285714	0.059378662	21.388	1.527714286	0.439747517	4.681	0.334357143	0.096243601	0.521	0.037214286	0.010712009	FALSE	FALSE	FALSE	TRUE	FALSE	FALSE	FALSE	TRUE	FALSE	TRUE	TRUE	1	FALSE	0.002122941	0.000568836	0.003434516	1.649687799	0.018596027	153	0.025579557	0.003654222	0.000959717	0.004195989	1.148257705	0.009633624	Test	3	0.901347865660985	1	20012
GMT6_2B_18S_S5	GMT6	2	10/16/2024	2024	10	fall	sep-jan	14	48.637	3.474071429	2.888	0.206285714	0.059378662	21.388	1.527714286	0.439747517	4.681	0.334357143	0.096243601	0.521	0.037214286	0.010712009	FALSE	FALSE	FALSE	TRUE	FALSE	FALSE	FALSE	TRUE	FALSE	TRUE	TRUE	1	FALSE	0.002122941	0.000568836	0.003434516	1.649687799	0.018596027	153	0.025579557	0.003654222	0.000959717	0.004195989	1.148257705	0.009633624	Test	3	0.901347865660985	1	20012
GMT6_2C_18S_S6	GMT6	2	10/16/2024	2024	10	fall	sep-jan	14	48.637	3.474071429	2.888	0.206285714	0.059378662	21.388	1.527714286	0.439747517	4.681	0.334357143	0.096243601	0.521	0.037214286	0.010712009	FALSE	FALSE	FALSE	TRUE	FALSE	FALSE	FALSE	TRUE	FALSE	TRUE	TRUE	1	FALSE	0.002122941	0.000568836	0.003434516	1.649687799	0.018596027	153	0.025579557	0.003654222	0.000959717	0.004195989	1.148257705	0.009633624	Test	3	0.901347865660985	1	20012
GMT6_3A_18S_S7	GMT6	3	10/30/2024	2024	10	fall	sep-jan	14	134.637	9.616928571	7.949	0.567785714	0.059040234	51.688	3.692	0.383906356	21.237	1.516928571	0.157735244	1.237	0.088357143	0.009187668	FALSE	FALSE	TRUE	TRUE	FALSE	FALSE	FALSE	TRUE	FALSE	TRUE	TRUE	1	TRUE	0.003643886	0.00035167	0.005631155	1.551726153	0.025364133	139	0.042909911	0.005363739	0.007062531	0.004096331	0.763708056	0.009892752	Test	3	0.900515615940094	1	20026
GMT6_3B_18S_S8	GMT6	3	10/30/2024	2024	10	fall	sep-jan	14	134.637	9.616928571	7.949	0.567785714	0.059040234	51.688	3.692	0.383906356	21.237	1.516928571	0.157735244	1.237	0.088357143	0.009187668	FALSE	FALSE	TRUE	TRUE	FALSE	FALSE	FALSE	TRUE	FALSE	TRUE	TRUE	1	TRUE	0.003643886	0.00035167	0.005631155	1.551726153	0.025364133	139	0.042909911	0.005363739	0.007062531	0.004096331	0.763708056	0.009892752	Test	3	0.900515615940094	1	20026
GMT6_3C_18S_S9	GMT6	3	10/30/2024	2024	10	fall	sep-jan	14	134.637	9.616928571	7.949	0.567785714	0.059040234	51.688	3.692	0.383906356	21.237	1.516928571	0.157735244	1.237	0.088357143	0.009187668	FALSE	FALSE	TRUE	TRUE	FALSE	FALSE	FALSE	TRUE	FALSE	TRUE	TRUE	1	TRUE	0.003643886	0.00035167	0.005631155	1.551726153	0.025364133	139	0.042909911	0.005363739	0.007062531	0.004096331	0.763708056	0.009892752	Test	3	0.900515615940094	1	20026
GMT6_4A_18S_S10	GMT6	4	11/13/2024	2024	11	fall	sep-jan	14	22.874	1.633857143	1.026	0.073285714	0.04485442	11.825	0.844642857	0.51696249	NA	NA	NA	0.171	0.012214286	0.007475737	FALSE	FALSE	FALSE	NA	FALSE	FALSE	FALSE	NA	FALSE	FALSE	TRUE	2	FALSE	0.000491544	0.000158019	0.001299696	2.931805923	0.012171305	108	0.006798917	0.000971274	0.000904824	0.000490206	0.504704494	0.001610422	Test	3	0.953618787802183	1	20040
GMT6_4B_18S_S11	GMT6	4	11/13/2024	2024	11	fall	sep-jan	14	22.874	1.633857143	1.026	0.073285714	0.04485442	11.825	0.844642857	0.51696249	NA	NA	NA	0.171	0.012214286	0.007475737	FALSE	FALSE	FALSE	NA	FALSE	FALSE	FALSE	NA	FALSE	FALSE	TRUE	2	FALSE	0.000491544	0.000158019	0.001299696	2.931805923	0.012171305	108	0.006798917	0.000971274	0.000904824	0.000490206	0.504704494	0.001610422	Test	3	0.953618787802183	1	20040
GMT6_4C_18S_S12	GMT6	4	11/13/2024	2024	11	fall	sep-jan	14	22.874	1.633857143	1.026	0.073285714	0.04485442	11.825	0.844642857	0.51696249	NA	NA	NA	0.171	0.012214286	0.007475737	FALSE	FALSE	FALSE	NA	FALSE	FALSE	FALSE	NA	FALSE	FALSE	TRUE	2	FALSE	0.000491544	0.000158019	0.001299696	2.931805923	0.012171305	108	0.006798917	0.000971274	0.000904824	0.000490206	0.504704494	0.001610422	Train	3	0.953618787802183	1	20040
GMT6_5A_18S_S13	GMT6	5	11/27/2024	2024	11	fall	sep-jan	14	14.3	1.021428571	0.798	0.057	0.055804196	6.06	0.432857143	0.423776224	NA	NA	NA	0.121	0.008642857	0.008461538	FALSE	FALSE	FALSE	NA	FALSE	FALSE	FALSE	NA	FALSE	FALSE	TRUE	3	FALSE	0.002230232	0.000303258	0.007659959	3.535545023	0.053034112	105	0.020705876	0.002957982	0.001007471	0.005266706	1.780506183	0.014874175	Test	3	0.883428847088533	2	20054
GMT6_5B_18S_S14	GMT6	5	11/27/2024	2024	11	fall	sep-jan	14	14.3	1.021428571	0.798	0.057	0.055804196	6.06	0.432857143	0.423776224	NA	NA	NA	0.121	0.008642857	0.008461538	FALSE	FALSE	FALSE	NA	FALSE	FALSE	FALSE	NA	FALSE	FALSE	TRUE	3	FALSE	0.002230232	0.000303258	0.007659959	3.535545023	0.053034112	105	0.020705876	0.002957982	0.001007471	0.005266706	1.780506183	0.014874175	Test	3	0.883428847088533	2	20054
GMT6_5C_18S_S15	GMT6	5	11/27/2024	2024	11	fall	sep-jan	14	14.3	1.021428571	0.798	0.057	0.055804196	6.06	0.432857143	0.423776224	NA	NA	NA	0.121	0.008642857	0.008461538	FALSE	FALSE	FALSE	NA	FALSE	FALSE	FALSE	NA	FALSE	FALSE	TRUE	3	FALSE	0.002230232	0.000303258	0.007659959	3.535545023	0.053034112	105	0.020705876	0.002957982	0.001007471	0.005266706	1.780506183	0.014874175	Test	3	0.883428847088533	2	20054
GMT6_6A_18S_S16	GMT6	6	12/11/2024	2024	12	winter	sep-jan	14	188.811	13.4865	9.281	0.662928571	0.049154975	52.596	3.756857143	0.278564279	28.119	2.0085	0.148926704	1.429	0.102071429	0.007568415	FALSE	FALSE	FALSE	FALSE	FALSE	FALSE	FALSE	FALSE	FALSE	FALSE	TRUE	1	FALSE	0.00111054	0.000178768	0.002784984	2.852061377	0.017724942	104	0.014416761	0.002059537	0.002102183	0.001031173	0.500682098	0.003505133	Test	3	0.777401352922122	1	20068
GMT6_6B_18S_S17	GMT6	6	12/11/2024	2024	12	winter	sep-jan	14	188.811	13.4865	9.281	0.662928571	0.049154975	52.596	3.756857143	0.278564279	28.119	2.0085	0.148926704	1.429	0.102071429	0.007568415	FALSE	FALSE	FALSE	FALSE	FALSE	FALSE	FALSE	FALSE	FALSE	FALSE	TRUE	1	FALSE	0.00111054	0.000178768	0.002784984	2.852061377	0.017724942	104	0.014416761	0.002059537	0.002102183	0.001031173	0.500682098	0.003505133	Test	3	0.777401352922122	1	20068
GMT6_6C_18S_S18	GMT6	6	12/11/2024	2024	12	winter	sep-jan	14	188.811	13.4865	9.281	0.662928571	0.049154975	52.596	3.756857143	0.278564279	28.119	2.0085	0.148926704	1.429	0.102071429	0.007568415	FALSE	FALSE	FALSE	FALSE	FALSE	FALSE	FALSE	FALSE	FALSE	FALSE	TRUE	1	FALSE	0.00111054	0.000178768	0.002784984	2.852061377	0.017724942	104	0.014416761	0.002059537	0.002102183	0.001031173	0.500682098	0.003505133	Test	3	0.777401352922122	1	20068
GMT6_7A_18S_S19	GMT6	7	12/25/2024	2024	12	winter	sep-jan	14	161.144	11.51028571	8.37	0.597857143	0.051941121	50.443	3.603071429	0.313030581	25.439	1.817071429	0.157865015	1.439	0.102785714	0.008929901	FALSE	FALSE	FALSE	FALSE	FALSE	FALSE	FALSE	FALSE	FALSE	FALSE	TRUE	1	TRUE	0.000375634	0.00014972	0.000636434	1.878616635	0.00463966	92	0.004208661	0.000601237	0.000429145	0.00040105	0.667041412	0.001465599	Test	11	0.750655331545406	2	20082
GMT6_7B_18S_S20	GMT6	7	12/25/2024	2024	12	winter	sep-jan	14	161.144	11.51028571	8.37	0.597857143	0.051941121	50.443	3.603071429	0.313030581	25.439	1.817071429	0.157865015	1.439	0.102785714	0.008929901	FALSE	FALSE	FALSE	FALSE	FALSE	FALSE	FALSE	FALSE	FALSE	FALSE	TRUE	1	TRUE	0.000375634	0.00014972	0.000636434	1.878616635	0.00463966	92	0.004208661	0.000601237	0.000429145	0.00040105	0.667041412	0.001465599	Test	11	0.750655331545406	2	20082
GMT6_7C_18S_S21	GMT6	7	12/25/2024	2024	12	winter	sep-jan	14	161.144	11.51028571	8.37	0.597857143	0.051941121	50.443	3.603071429	0.313030581	25.439	1.817071429	0.157865015	1.439	0.102785714	0.008929901	FALSE	FALSE	FALSE	FALSE	FALSE	FALSE	FALSE	FALSE	FALSE	FALSE	TRUE	1	TRUE	0.000375634	0.00014972	0.000636434	1.878616635	0.00463966	92	0.004208661	0.000601237	0.000429145	0.00040105	0.667041412	0.001465599	Train	11	0.750655331545406	2	20082
GMT6_8A_18S_S22	GMT6	8	1/8/2025	2025	1	winter	sep-jan	14	198.953	14.21092857	9.112	0.650857143	0.045799762	73.959	5.282785714	0.371741064	37.887	2.706214286	0.190431911	1.438	0.102714286	0.007227838	FALSE	FALSE	FALSE	FALSE	FALSE	FALSE	FALSE	FALSE	FALSE	FALSE	FALSE	0	FALSE	0.000260882	0.000116523	0.000381272	1.890292909	0.002186169	133	0.003264119	0.000466303	0.000465373	0.00014813	0.317668712	0.000713664	Test	15	0.874986892938614	2	20096
GMT6_8B_18S_S23	GMT6	8	1/8/2025	2025	1	winter	sep-jan	14	198.953	14.21092857	9.112	0.650857143	0.045799762	73.959	5.282785714	0.371741064	37.887	2.706214286	0.190431911	1.438	0.102714286	0.007227838	FALSE	FALSE	FALSE	FALSE	FALSE	FALSE	FALSE	FALSE	FALSE	FALSE	FALSE	0	FALSE	0.000260882	0.000116523	0.000381272	1.890292909	0.002186169	133	0.003264119	0.000466303	0.000465373	0.00014813	0.317668712	0.000713664	Test	15	0.874986892938614	2	20096
GMT6_8C_18S_S24	GMT6	8	1/8/2025	2025	1	winter	sep-jan	14	198.953	14.21092857	9.112	0.650857143	0.045799762	73.959	5.282785714	0.371741064	37.887	2.706214286	0.190431911	1.438	0.102714286	0.007227838	FALSE	FALSE	FALSE	FALSE	FALSE	FALSE	FALSE	FALSE	FALSE	FALSE	FALSE	0	FALSE	0.000260882	0.000116523	0.000381272	1.890292909	0.002186169	133	0.003264119	0.000466303	0.000465373	0.00014813	0.317668712	0.000713664	Test	15	0.874986892938614	2	20096
GMT6_9A_18S_S25	GMT6	9	1/22/2025	2025	1	winter	sep-jan	14	172.624	12.33028571	8.206	0.586142857	0.047536843	52.432	3.745142857	0.303735286	35.526	2.537571429	0.205799889	1.31	0.093571429	0.007588748	FALSE	FALSE	FALSE	FALSE	FALSE	FALSE	FALSE	FALSE	FALSE	FALSE	FALSE	0	FALSE	0.000208929	0.000116523	0.000342728	2.323376566	0.003259895	157	0.002815218	0.000402174	0.000307617	0.000217781	0.541509034	0.000869838	Test	15	0.991119779291607	1	20110
GMT6_9B_18S_S26	GMT6	9	1/22/2025	2025	1	winter	sep-jan	14	172.624	12.33028571	8.206	0.586142857	0.047536843	52.432	3.745142857	0.303735286	35.526	2.537571429	0.205799889	1.31	0.093571429	0.007588748	FALSE	FALSE	FALSE	FALSE	FALSE	FALSE	FALSE	FALSE	FALSE	FALSE	FALSE	0	FALSE	0.000208929	0.000116523	0.000342728	2.323376566	0.003259895	157	0.002815218	0.000402174	0.000307617	0.000217781	0.541509034	0.000869838	Test	15	0.991119779291607	1	20110
GMT6_9C_18S_S27	GMT6	9	1/22/2025	2025	1	winter	sep-jan	14	172.624	12.33028571	8.206	0.586142857	0.047536843	52.432	3.745142857	0.303735286	35.526	2.537571429	0.205799889	1.31	0.093571429	0.007588748	FALSE	FALSE	FALSE	FALSE	FALSE	FALSE	FALSE	FALSE	FALSE	FALSE	FALSE	0	FALSE	0.000208929	0.000116523	0.000342728	2.323376566	0.003259895	157	0.002815218	0.000402174	0.000307617	0.000217781	0.541509034	0.000869838	Test	15	0.991119779291607	1	20110
GMT6_10A_18S_S28	GMT6	10	2/5/2025	2025	2	winter	feb-apr	14	151.694	10.83528571	7.901	0.564357143	0.052085119	60.395	4.313928571	0.398137039	31.953	2.282357143	0.210641159	1.301	0.092928571	0.008576476	FALSE	FALSE	FALSE	FALSE	FALSE	FALSE	FALSE	FALSE	FALSE	FALSE	TRUE	2	FALSE	0.000914957	0.000220264	0.003184095	3.646399531	0.026674391	117	0.012610825	0.001576353	0.000952571	0.001568253	0.994861266	0.004160225	Test	3	0.869215071201324	1	20124
GMT6_10B_18S_S29	GMT6	10	2/5/2025	2025	2	winter	feb-apr	14	151.694	10.83528571	7.901	0.564357143	0.052085119	60.395	4.313928571	0.398137039	31.953	2.282357143	0.210641159	1.301	0.092928571	0.008576476	FALSE	FALSE	FALSE	FALSE	FALSE	FALSE	FALSE	FALSE	FALSE	FALSE	TRUE	2	FALSE	0.000914957	0.000220264	0.003184095	3.646399531	0.026674391	117	0.012610825	0.001576353	0.000952571	0.001568253	0.994861266	0.004160225	Test	3	0.869215071201324	1	20124
GMT6_10C_18S_S30	GMT6	10	2/5/2025	2025	2	winter	feb-apr	14	151.694	10.83528571	7.901	0.564357143	0.052085119	60.395	4.313928571	0.398137039	31.953	2.282357143	0.210641159	1.301	0.092928571	0.008576476	FALSE	FALSE	FALSE	FALSE	FALSE	FALSE	FALSE	FALSE	FALSE	FALSE	TRUE	2	FALSE	0.000914957	0.000220264	0.003184095	3.646399531	0.026674391	117	0.012610825	0.001576353	0.000952571	0.001568253	0.994861266	0.004160225	Train	3	0.869215071201324	1	20124
GMT6_11A_18S_S31	GMT6	11	2/19/2025	2025	2	winter	feb-apr	14	65.036	4.645428571	4.578	0.327	0.070391783	31.815	2.2725	0.489190602	9.813	0.700928571	0.150885663	0.89	0.063571429	0.013684728	FALSE	FALSE	FALSE	FALSE	FALSE	FALSE	FALSE	FALSE	FALSE	FALSE	TRUE	2	FALSE	0.001017708	0.000261761	0.002754435	2.772266652	0.02094785	109	0.016110115	0.002301445	0.001242335	0.002356272	1.023823008	0.007307158	Test	15	0.652981381863356	1	20138
GMT6_11B_18S_S32	GMT6	11	2/19/2025	2025	2	winter	feb-apr	14	65.036	4.645428571	4.578	0.327	0.070391783	31.815	2.2725	0.489190602	9.813	0.700928571	0.150885663	0.89	0.063571429	0.013684728	FALSE	FALSE	FALSE	FALSE	FALSE	FALSE	FALSE	FALSE	FALSE	FALSE	TRUE	2	FALSE	0.001017708	0.000261761	0.002754435	2.772266652	0.02094785	109	0.016110115	0.002301445	0.001242335	0.002356272	1.023823008	0.007307158	Test	15	0.652981381863356	1	20138
GMT6_11C_18S_S33	GMT6	11	2/19/2025	2025	2	winter	feb-apr	14	65.036	4.645428571	4.578	0.327	0.070391783	31.815	2.2725	0.489190602	9.813	0.700928571	0.150885663	0.89	0.063571429	0.013684728	FALSE	FALSE	FALSE	FALSE	FALSE	FALSE	FALSE	FALSE	FALSE	FALSE	TRUE	2	FALSE	0.001017708	0.000261761	0.002754435	2.772266652	0.02094785	109	0.016110115	0.002301445	0.001242335	0.002356272	1.023823008	0.007307158	Test	15	0.652981381863356	1	20138
GMT6_12A_18S_S34	GMT6	12	3/5/2025	2025	3	spring	feb-apr	14	105.74	7.552857143	7.893	0.563785714	0.074645357	49.807	3.557642857	0.471032722	14.578	1.041285714	0.137866465	1.621	0.115785714	0.015330055	FALSE	FALSE	FALSE	FALSE	FALSE	FALSE	FALSE	FALSE	FALSE	FALSE	TRUE	2	TRUE	0.000452969	0.000158019	0.001418569	3.279601772	0.014017907	106	0.0057104	0.000815771	0.000545843	0.000555365	0.680784708	0.001938516	Test	15	0.92707412976485	2	20152
GMT6_12B_18S_S35	GMT6	12	3/5/2025	2025	3	spring	feb-apr	14	105.74	7.552857143	7.893	0.563785714	0.074645357	49.807	3.557642857	0.471032722	14.578	1.041285714	0.137866465	1.621	0.115785714	0.015330055	FALSE	FALSE	FALSE	FALSE	FALSE	FALSE	FALSE	FALSE	FALSE	FALSE	TRUE	2	TRUE	0.000452969	0.000158019	0.001418569	3.279601772	0.014017907	106	0.0057104	0.000815771	0.000545843	0.000555365	0.680784708	0.001938516	Test	15	0.92707412976485	2	20152
GMT6_12C_18S_S36	GMT6	12	3/5/2025	2025	3	spring	feb-apr	14	105.74	7.552857143	7.893	0.563785714	0.074645357	49.807	3.557642857	0.471032722	14.578	1.041285714	0.137866465	1.621	0.115785714	0.015330055	FALSE	FALSE	FALSE	FALSE	FALSE	FALSE	FALSE	FALSE	FALSE	FALSE	TRUE	2	TRUE	0.000452969	0.000158019	0.001418569	3.279601772	0.014017907	106	0.0057104	0.000815771	0.000545843	0.000555365	0.680784708	0.001938516	Test	15	0.92707412976485	2	20152
GMT6_13A_18S_S37	GMT6	13	3/19/2025	2025	3	spring	feb-apr	14	70.053	5.003785714	3.935	0.281071429	0.056171756	32.423	2.315928571	0.462835282	9.2	0.657142857	0.131329137	0.674	0.048142857	0.009621287	FALSE	FALSE	FALSE	FALSE	FALSE	FALSE	FALSE	FALSE	FALSE	FALSE	TRUE	1	FALSE	0.000413826	0.000241013	0.000636752	1.574931313	0.003539998	77	0.003742281	0.000534612	0.000378909	0.000383509	0.717359914	0.001394955	Test	3	0.844959874947866	1	20166
GMT6_13B_18S_S38	GMT6	13	3/19/2025	2025	3	spring	feb-apr	14	70.053	5.003785714	3.935	0.281071429	0.056171756	32.423	2.315928571	0.462835282	9.2	0.657142857	0.131329137	0.674	0.048142857	0.009621287	FALSE	FALSE	FALSE	FALSE	FALSE	FALSE	FALSE	FALSE	FALSE	FALSE	TRUE	1	FALSE	0.000413826	0.000241013	0.000636752	1.574931313	0.003539998	77	0.003742281	0.000534612	0.000378909	0.000383509	0.717359914	0.001394955	Test	3	0.844959874947866	1	20166
GMT6_13C_18S_S39	GMT6	13	3/19/2025	2025	3	spring	feb-apr	14	70.053	5.003785714	3.935	0.281071429	0.056171756	32.423	2.315928571	0.462835282	9.2	0.657142857	0.131329137	0.674	0.048142857	0.009621287	FALSE	FALSE	FALSE	FALSE	FALSE	FALSE	FALSE	FALSE	FALSE	FALSE	TRUE	1	FALSE	0.000413826	0.000241013	0.000636752	1.574931313	0.003539998	77	0.003742281	0.000534612	0.000378909	0.000383509	0.717359914	0.001394955	Test	3	0.844959874947866	1	20166
GMT6_14A_18S_S40	GMT6	14	4/2/2025	2025	4	spring	feb-apr	14	77.048	5.503428571	7.954	0.568142857	0.103234347	31.026	2.216142857	0.402684041	9.509	0.679214286	0.123416571	1.702	0.121571429	0.022090126	FALSE	FALSE	FALSE	FALSE	FALSE	FALSE	FALSE	FALSE	FALSE	FALSE	TRUE	2	FALSE	0.000535976	0.000220264	0.000951909	1.797869444	0.004598163	82	0.006630625	0.000947232	0.000904077	0.000550032	0.580673126	0.001838562	Test	3	0.929091584114801	1	20180
GMT6_14B_18S_S41	GMT6	14	4/2/2025	2025	4	spring	feb-apr	14	77.048	5.503428571	7.954	0.568142857	0.103234347	31.026	2.216142857	0.402684041	9.509	0.679214286	0.123416571	1.702	0.121571429	0.022090126	FALSE	FALSE	FALSE	FALSE	FALSE	FALSE	FALSE	FALSE	FALSE	FALSE	TRUE	2	FALSE	0.000535976	0.000220264	0.000951909	1.797869444	0.004598163	82	0.006630625	0.000947232	0.000904077	0.000550032	0.580673126	0.001838562	Train	3	0.929091584114801	1	20180
GMT6_14C_18S_S42	GMT6	14	4/2/2025	2025	4	spring	feb-apr	14	77.048	5.503428571	7.954	0.568142857	0.103234347	31.026	2.216142857	0.402684041	9.509	0.679214286	0.123416571	1.702	0.121571429	0.022090126	FALSE	FALSE	FALSE	FALSE	FALSE	FALSE	FALSE	FALSE	FALSE	FALSE	TRUE	2	FALSE	0.000535976	0.000220264	0.000951909	1.797869444	0.004598163	82	0.006630625	0.000947232	0.000904077	0.000550032	0.580673126	0.001838562	Test	3	0.929091584114801	1	20180
GMT6_15A_18S_S43	GMT6	15	4/16/2025	2025	4	spring	feb-apr	14	72.667	5.1905	6.792	0.485142857	0.093467461	30.249	2.160642857	0.416268733	9.748	0.696285714	0.134146174	1.461	0.104357143	0.020105412	FALSE	FALSE	FALSE	FALSE	FALSE	FALSE	FALSE	FALSE	FALSE	FALSE	TRUE	3	FALSE	0.000755341	0.000168393	0.001505475	2.127463897	0.007027793	98	0.008935648	0.001276521	0.000739316	0.001062236	0.832133087	0.00344216	Test	13	0.950940694127764	1	20194
GMT6_15B_18S_S44	GMT6	15	4/16/2025	2025	4	spring	feb-apr	14	72.667	5.1905	6.792	0.485142857	0.093467461	30.249	2.160642857	0.416268733	9.748	0.696285714	0.134146174	1.461	0.104357143	0.020105412	FALSE	FALSE	FALSE	FALSE	FALSE	FALSE	FALSE	FALSE	FALSE	FALSE	TRUE	3	FALSE	0.000755341	0.000168393	0.001505475	2.127463897	0.007027793	98	0.008935648	0.001276521	0.000739316	0.001062236	0.832133087	0.00344216	Test	13	0.950940694127764	1	20194
GMT6_15C_18S_S45	GMT6	15	4/16/2025	2025	4	spring	feb-apr	14	72.667	5.1905	6.792	0.485142857	0.093467461	30.249	2.160642857	0.416268733	9.748	0.696285714	0.134146174	1.461	0.104357143	0.020105412	FALSE	FALSE	FALSE	FALSE	FALSE	FALSE	FALSE	FALSE	FALSE	FALSE	TRUE	3	FALSE	0.000755341	0.000168393	0.001505475	2.127463897	0.007027793	98	0.008935648	0.001276521	0.000739316	0.001062236	0.832133087	0.00344216	Test	13	0.950940694127764	1	20194
GMT6_16A_18S_S46	GMT6	16	4/30/2025	2025	4	spring	feb-apr	14	39.891	2.849357143	6.327	0.451928571	0.158607205	13.495	0.963928571	0.338296859	2.539	0.181357143	0.063648442	1.382	0.098714286	0.034644406	FALSE	FALSE	FALSE	FALSE	FALSE	FALSE	FALSE	FALSE	FALSE	FALSE	TRUE	2	TRUE	0.000504713	0.000161477	0.000818939	1.918865982	0.004224693	86	0.005860176	0.000837168	0.000717904	0.000537128	0.64160147	0.001628659	Test	13	0.969942141146887	2	20208
GMT6_16B_18S_S47	GMT6	16	4/30/2025	2025	4	spring	feb-apr	14	39.891	2.849357143	6.327	0.451928571	0.158607205	13.495	0.963928571	0.338296859	2.539	0.181357143	0.063648442	1.382	0.098714286	0.034644406	FALSE	FALSE	FALSE	FALSE	FALSE	FALSE	FALSE	FALSE	FALSE	FALSE	TRUE	2	TRUE	0.000504713	0.000161477	0.000818939	1.918865982	0.004224693	86	0.005860176	0.000837168	0.000717904	0.000537128	0.64160147	0.001628659	Test	13	0.969942141146887	2	20208
GMT6_16C_18S_S48	GMT6	16	4/30/2025	2025	4	spring	feb-apr	14	39.891	2.849357143	6.327	0.451928571	0.158607205	13.495	0.963928571	0.338296859	2.539	0.181357143	0.063648442	1.382	0.098714286	0.034644406	FALSE	FALSE	FALSE	FALSE	FALSE	FALSE	FALSE	FALSE	FALSE	FALSE	TRUE	2	TRUE	0.000504713	0.000161477	0.000818939	1.918865982	0.004224693	86	0.005860176	0.000837168	0.000717904	0.000537128	0.64160147	0.001628659	Test	13	0.969942141146887	2	20208
GMT6_17A_18S_S49	GMT6	17	5/14/2025	2025	5	spring	may-aug	14	18.784	1.341714286	1.926	0.137571429	0.102534072	6.907	0.493357143	0.367706559	NA	NA	NA	0.344	0.024571429	0.018313458	FALSE	FALSE	FALSE	NA	FALSE	FALSE	FALSE	NA	FALSE	FALSE	TRUE	2	FALSE	0.000714153	0.000230638	0.001515563	2.456430942	0.008685585	79	0.006626033	0.000946576	0.000833943	0.000553042	0.584254847	0.001877003	Test	8	0.71895524263382	1	20222
GMT6_17B_18S_S50	GMT6	17	5/14/2025	2025	5	spring	may-aug	14	18.784	1.341714286	1.926	0.137571429	0.102534072	6.907	0.493357143	0.367706559	NA	NA	NA	0.344	0.024571429	0.018313458	FALSE	FALSE	FALSE	NA	FALSE	FALSE	FALSE	NA	FALSE	FALSE	TRUE	2	FALSE	0.000714153	0.000230638	0.001515563	2.456430942	0.008685585	79	0.006626033	0.000946576	0.000833943	0.000553042	0.584254847	0.001877003	Test	8	0.71895524263382	1	20222
GMT6_17C_18S_S51	GMT6	17	5/14/2025	2025	5	spring	may-aug	14	18.784	1.341714286	1.926	0.137571429	0.102534072	6.907	0.493357143	0.367706559	NA	NA	NA	0.344	0.024571429	0.018313458	FALSE	FALSE	FALSE	NA	FALSE	FALSE	FALSE	NA	FALSE	FALSE	TRUE	2	FALSE	0.000714153	0.000230638	0.001515563	2.456430942	0.008685585	79	0.006626033	0.000946576	0.000833943	0.000553042	0.584254847	0.001877003	Test	8	0.71895524263382	1	20222
